National Accounts of the Philippines,,,,,,,,,,,,,,,,,,,,,,,,,,,,,,,,,,,,,,,,,,,,,,,,,,,,,,,,,,,,,,,,,,,,,,,,,,,,,,,,,,,,,,,,,,,,,,,,,,,,,,,,,,,,,,,,,,,,,,,,,,,,,,,,,,,,,,,,,,,,,,,,,,,,,,,,
Unit: In million Philippine pesos,,,,,,,,,,,,,,,,,,,,,,,,,,,,,,,,,,,,,,,,,,,,,,,,,,,,,,,,,,,,,,,,,,,,,,,,,,,,,,,,,,,,,,,,,,,,,,,,,,,,,,,,,,,,,,,,,,,,,,,,,,,,,,,,,,,,,,,,,,,,,,,,,,,,,,,,
As of August 2025,,,,,,,,,,,,,,,,,,,,,,,,,,,,,,,,,,,,,,,,,,,,,,,,,,,,,,,,,,,,,,,,,,,,,,,,,,,,,,,,,,,,,,,,,,,,,,,,,,,,,,,,,,,,,,,,,,,,,,,,,,,,,,,,,,,,,,,,,,,,,,,,,,,,,,,,
,,,,,,,,,,,,,,,,,,,,,,,,,,,,,,,,,,,,,,,,,,,,,,,,,,,,,,,,,,,,,,,,,,,,,,,,,,,,,,,,,,,,,,,,,,,,,,,,,,,,,,,,,,,,,,,,,,,,,,,,,,,,,,,,,,,,,,,,,,,,,,,,,,,,,,,,
"Table 5.1 Household Final Consumption Expenditure, by Purpose",,,,,,,,,,,,,,,,,,,,,,,,,,,,,,,,,,,,,,,,,,,,,,,,,,,,,,,,,,,,,,,,,,,,,,,,,,,,,,,,,,,,,,,,,,,,,,,,,,,,,,,,,,,,,,,,,,,,,,,,,,,,,,,,,,,,,,,,,,,,,,,,,,,,,,,,
Q1 2000 to Q2 2025,,,,,,,,,,,,,,,,,,,,,,,,,,,,,,,,,,,,,,,,,,,,,,,,,,,,,,,,,,,,,,,,,,,,,,,,,,,,,,,,,,,,,,,,,,,,,,,,,,,,,,,,,,,,,,,,,,,,,,,,,,,,,,,,,,,,,,,,,,,,,,,,,,,,,,,,
At Current Prices,,,,,,,,,,,,,,,,,,,,,,,,,,,,,,,,,,,,,,,,,,,,,,,,,,,,,,,,,,,,,,,,,,,,,,,,,,,,,,,,,,,,,,,,,,,,,,,,,,,,,,,,,,,,,,,,,,,,,,,,,,,,,,,,,,,,,,,,,,,,,,,,,,,,,,,,
,,,,,,,,,,,,,,,,,,,,,,,,,,,,,,,,,,,,,,,,,,,,,,,,,,,,,,,,,,,,,,,,,,,,,,,,,,,,,,,,,,,,,,,,,,,,,,,,,,,,,,,,,,,,,,,,,,,,,,,,,,,,,,,,,,,,,,,,,,,,,,,,,,,,,,,,
,2000,,,,2001,,,,2002,,,,2003,,,,2004,,,,2005,,,,2006,,,,2007,,,,2008,,,,2009,,,,2010,,,,2011,,,,2012,,,,2013,,,,2014,,,,2015,,,,2016,,,,2017,,,,2018,,,,2019,,,,2020,,,,2021,,,,2022,,,,2023,,,,2024,,,,2025,,,,,,,,,,,,,,,,,,,,,,,,,,,,,,,,,,,,,,,,,,,,,,,,,,,
Purpose,Q1,Q2,Q3,Q4,Q1,Q2,Q3,Q4,Q1,Q2,Q3,Q4,Q1,Q2,Q3,Q4,Q1,Q2,Q3,Q4,Q1,Q2,Q3,Q4,Q1,Q2,Q3,Q4,Q1,Q2,Q3,Q4,Q1,Q2,Q3,Q4,Q1,Q2,Q3,Q4,Q1,Q2,Q3,Q4,Q1,Q2,Q3,Q4,Q1,Q2,Q3,Q4,Q1,Q2,Q3,Q4,Q1,Q2,Q3,Q4,Q1,Q2,Q3,Q4,Q1,Q2,Q3,Q4,Q1,Q2,Q3,Q4,Q1,Q2,Q3,Q4,Q1,Q2,Q3,Q4,Q1,Q2,Q3,Q4,Q1,Q2,Q3,Q4,Q1,Q2,Q3,Q4,Q1,Q2,Q3,Q4,Q1,Q2,Q3,Q4,Q1,Q2,,,,,,,,,,,,,,,,,,,,,,,,,,,,,,,,,,,,,,,,,,,,,,,,,,
,,,,,,,,,,,,,,,,,,,,,,,,,,,,,,,,,,,,,,,,,,,,,,,,,,,,,,,,,,,,,,,,,,,,,,,,,,,,,,,,,,,,,,,,,,,,,,,,,,,,,,,,,,,,,,,,,,,,,,,,,,,,,,,,,,,,,,,,,,,,,,,,,,,,,,,,
Food and non-alcoholic beverages," 204,350 "," 217,329 "," 213,315 "," 256,420 "," 217,906 "," 232,449 "," 233,010 "," 272,873 "," 230,207 "," 253,315 "," 250,626 "," 297,396 "," 253,334 "," 271,173 "," 278,436 "," 319,923 "," 282,131 "," 309,696 "," 313,124 "," 367,295 "," 317,517 "," 344,770 "," 346,629 "," 405,330 "," 348,471 "," 378,734 "," 376,243 "," 441,922 "," 372,317 "," 403,089 "," 402,964 "," 486,754 "," 417,666 "," 479,672 "," 497,838 "," 582,787 "," 462,351 "," 517,879 "," 511,661 "," 611,242 "," 498,670 "," 548,146 "," 527,345 "," 662,620 "," 554,611 "," 627,995 "," 596,704 "," 751,826 "," 620,439 "," 681,056 "," 644,975 "," 817,558 "," 657,409 "," 727,375 "," 701,900 "," 891,750 "," 701,584 "," 774,982 "," 757,885 "," 965,322 "," 746,654 "," 837,625 "," 800,950 "," 1,033,203 "," 799,979 "," 902,895 "," 886,585 "," 1,122,510 "," 879,730 "," 988,059 "," 955,886 "," 1,205,661 "," 971,948 "," 1,116,762 "," 1,071,954 "," 1,363,238 "," 1,073,064 "," 1,208,723 "," 1,118,146 "," 1,423,192 "," 1,142,074 "," 1,302,667 "," 1,195,761 "," 1,544,682 "," 1,236,618 "," 1,401,792 "," 1,302,627 "," 1,690,880 "," 1,383,392 "," 1,564,759 "," 1,453,600 "," 1,930,715 "," 1,536,533 "," 1,685,146 "," 1,568,293 "," 2,063,577 "," 1,613,679 "," 1,796,716 "," 1,681,122 "," 2,162,045 "," 1,739,033 "," 1,912,473 ",,,,,,,,,,,,,,,,,,,,,,,,,,,,,,,,,,,,,,,,,,,,,,,,,,
"Alcoholic beverages, tobacco"," 16,776 "," 19,051 "," 20,532 "," 21,704 "," 18,092 "," 20,404 "," 22,307 "," 23,574 "," 19,449 "," 21,869 "," 23,798 "," 25,052 "," 20,786 "," 22,936 "," 25,021 "," 26,552 "," 22,128 "," 25,016 "," 26,544 "," 28,519 "," 24,072 "," 27,211 "," 28,142 "," 30,044 "," 26,015 "," 29,307 "," 30,627 "," 31,613 "," 27,613 "," 30,400 "," 32,775 "," 33,869 "," 27,835 "," 33,227 "," 36,389 "," 40,630 "," 28,756 "," 35,644 "," 38,605 "," 43,198 "," 30,628 "," 37,683 "," 40,428 "," 44,221 "," 32,239 "," 39,934 "," 40,257 "," 48,170 "," 35,376 "," 44,238 "," 43,032 "," 53,500 "," 36,743 "," 46,398 "," 48,245 "," 60,692 "," 40,245 "," 55,304 "," 55,163 "," 70,212 "," 48,458 "," 57,762 "," 59,365 "," 73,971 "," 52,782 "," 64,886 "," 67,366 "," 82,636 "," 55,229 "," 69,616 "," 66,177 "," 83,703 "," 60,354 "," 80,970 "," 76,571 "," 95,966 "," 65,521 "," 86,914 "," 83,592 "," 107,343 "," 63,807 "," 60,378 "," 74,185 "," 97,971 "," 62,706 "," 67,984 "," 76,147 "," 95,080 "," 70,727 "," 75,225 "," 73,555 "," 108,866 "," 78,369 "," 77,479 "," 81,691 "," 116,684 "," 83,200 "," 84,675 "," 87,247 "," 124,543 "," 92,363 "," 86,552 ",,,,,,,,,,,,,,,,,,,,,,,,,,,,,,,,,,,,,,,,,,,,,,,,,,
Clothing and footwear," 22,435 "," 26,738 "," 27,172 "," 29,023 "," 23,643 "," 28,397 "," 28,881 "," 30,621 "," 25,401 "," 30,545 "," 31,199 "," 32,800 "," 26,919 "," 31,993 "," 32,222 "," 33,839 "," 29,105 "," 34,256 "," 33,965 "," 36,520 "," 31,112 "," 35,845 "," 33,980 "," 38,345 "," 30,649 "," 37,723 "," 34,757 "," 40,820 "," 33,524 "," 39,045 "," 35,946 "," 41,481 "," 36,292 "," 42,306 "," 40,233 "," 44,757 "," 37,378 "," 44,641 "," 41,344 "," 44,275 "," 39,206 "," 47,921 "," 42,721 "," 47,573 "," 42,388 "," 49,797 "," 46,387 "," 50,921 "," 44,974 "," 54,462 "," 50,015 "," 53,772 "," 49,898 "," 57,540 "," 53,078 "," 57,960 "," 57,460 "," 61,713 "," 54,258 "," 64,843 "," 51,982 "," 60,257 "," 57,872 "," 69,390 "," 50,519 "," 60,258 "," 56,782 "," 70,660 "," 55,421 "," 61,673 "," 57,330 "," 72,230 "," 55,371 "," 61,704 "," 58,438 "," 74,426 "," 58,905 "," 66,341 "," 61,323 "," 78,426 "," 60,578 "," 40,624 "," 53,790 "," 68,798 "," 52,490 "," 60,510 "," 70,000 "," 76,081 "," 57,953 "," 65,340 "," 69,880 "," 86,823 "," 58,896 "," 50,175 "," 66,181 "," 88,841 "," 61,359 "," 49,496 "," 71,705 "," 93,903 "," 65,080 "," 52,260 ",,,,,,,,,,,,,,,,,,,,,,,,,,,,,,,,,,,,,,,,,,,,,,,,,,
"Housing, water, electricity, gas and other fuels"," 72,477 "," 79,869 "," 79,144 "," 78,207 "," 82,745 "," 92,079 "," 90,618 "," 87,906 "," 87,170 "," 98,339 "," 95,856 "," 92,535 "," 97,310 "," 107,726 "," 105,269 "," 100,946 "," 101,939 "," 114,505 "," 112,569 "," 113,463 "," 117,456 "," 136,773 "," 133,543 "," 129,088 "," 131,624 "," 148,097 "," 144,624 "," 141,866 "," 147,366 "," 172,385 "," 169,655 "," 159,783 "," 162,097 "," 185,508 "," 179,717 "," 170,543 "," 170,393 "," 183,536 "," 174,418 "," 176,440 "," 189,140 "," 204,590 "," 197,534 "," 204,530 "," 207,593 "," 227,103 "," 216,210 "," 221,542 "," 227,986 "," 243,486 "," 242,815 "," 241,291 "," 246,121 "," 267,127 "," 270,748 "," 266,915 "," 266,655 "," 290,575 "," 293,579 "," 289,925 "," 276,753 "," 305,736 "," 289,220 "," 289,784 "," 284,244 "," 323,053 "," 304,714 "," 313,555 "," 308,681 "," 353,832 "," 333,811 "," 359,838 "," 346,512 "," 398,691 "," 383,223 "," 396,703 "," 381,178 "," 431,235 "," 417,366 "," 421,309 "," 397,365 "," 464,050 "," 450,302 "," 451,057 "," 399,597 "," 504,249 "," 479,421 "," 485,122 "," 443,880 "," 576,324 "," 523,357 "," 542,222 "," 498,032 "," 648,514 "," 563,329 "," 578,496 "," 538,924 "," 691,026 "," 602,521 "," 614,054 "," 560,592 "," 715,758 ",,,,,,,,,,,,,,,,,,,,,,,,,,,,,,,,,,,,,,,,,,,,,,,,,,
"Furnishings, household equipment 
   and routine household maintenance"," 31,163 "," 32,154 "," 34,250 "," 38,143 "," 35,709 "," 37,733 "," 38,233 "," 40,866 "," 37,892 "," 40,580 "," 39,543 "," 42,951 "," 38,174 "," 42,164 "," 40,700 "," 47,227 "," 41,981 "," 48,428 "," 45,920 "," 52,772 "," 44,566 "," 51,385 "," 46,135 "," 55,333 "," 47,877 "," 56,460 "," 49,350 "," 61,229 "," 51,316 "," 58,894 "," 48,479 "," 59,326 "," 53,316 "," 60,186 "," 52,007 "," 58,965 "," 54,728 "," 62,114 "," 50,687 "," 60,734 "," 56,900 "," 63,984 "," 52,818 "," 64,941 "," 60,508 "," 70,548 "," 56,771 "," 71,387 "," 63,410 "," 73,880 "," 63,286 "," 74,176 "," 69,334 "," 72,561 "," 68,607 "," 78,288 "," 76,465 "," 77,951 "," 73,437 "," 82,244 "," 80,824 "," 80,924 "," 75,752 "," 86,873 "," 87,505 "," 83,884 "," 78,323 "," 87,644 "," 91,745 "," 88,572 "," 89,179 "," 98,877 "," 98,798 "," 96,774 "," 98,896 "," 107,961 "," 106,493 "," 103,324 "," 106,831 "," 116,601 "," 99,938 "," 78,540 "," 99,415 "," 113,460 "," 96,380 "," 92,936 "," 109,635 "," 115,233 "," 107,424 "," 102,655 "," 123,736 "," 130,719 "," 110,872 "," 106,257 "," 127,923 "," 137,856 "," 118,094 "," 111,902 "," 135,006 "," 147,768 "," 122,291 "," 114,693 ",,,,,,,,,,,,,,,,,,,,,,,,,,,,,,,,,,,,,,,,,,,,,,,,,,
Health," 17,580 "," 18,215 "," 21,222 "," 20,714 "," 20,606 "," 20,610 "," 24,196 "," 23,648 "," 23,395 "," 22,996 "," 26,760 "," 26,160 "," 26,123 "," 25,980 "," 30,021 "," 28,948 "," 28,958 "," 29,122 "," 34,196 "," 33,163 "," 32,347 "," 34,224 "," 38,423 "," 37,516 "," 35,477 "," 36,930 "," 42,098 "," 42,207 "," 39,645 "," 40,181 "," 45,077 "," 44,845 "," 44,668 "," 44,718 "," 49,606 "," 47,542 "," 47,598 "," 50,052 "," 51,156 "," 52,055 "," 52,408 "," 51,680 "," 62,872 "," 56,302 "," 58,059 "," 57,191 "," 69,229 "," 63,078 "," 67,336 "," 67,023 "," 80,575 "," 69,492 "," 71,532 "," 74,403 "," 91,975 "," 79,271 "," 78,203 "," 82,252 "," 104,242 "," 89,217 "," 87,222 "," 92,094 "," 113,291 "," 100,138 "," 97,120 "," 102,391 "," 127,951 "," 112,144 "," 109,036 "," 114,376 "," 141,637 "," 124,782 "," 118,081 "," 119,183 "," 153,945 "," 136,315 "," 128,942 "," 129,446 "," 168,475 "," 149,520 "," 143,415 "," 116,087 "," 169,391 "," 149,209 "," 158,392 "," 138,711 "," 203,288 "," 180,198 "," 164,645 "," 137,830 "," 219,423 "," 195,415 "," 183,907 "," 156,776 "," 241,079 "," 216,430 "," 203,800 "," 176,633 "," 274,947 "," 247,319 "," 229,435 "," 199,073 ",,,,,,,,,,,,,,,,,,,,,,,,,,,,,,,,,,,,,,,,,,,,,,,,,,
Transport," 54,821 "," 61,602 "," 56,642 "," 69,054 "," 67,696 "," 76,387 "," 69,747 "," 75,980 "," 72,911 "," 81,937 "," 74,129 "," 79,846 "," 76,728 "," 84,131 "," 77,277 "," 84,468 "," 81,877 "," 108,656 "," 94,332 "," 102,798 "," 100,719 "," 133,526 "," 113,969 "," 125,315 "," 124,034 "," 145,527 "," 130,267 "," 135,789 "," 134,774 "," 154,436 "," 137,199 "," 144,198 "," 146,911 "," 167,240 "," 150,197 "," 158,017 "," 161,263 "," 176,194 "," 162,096 "," 165,921 "," 171,212 "," 192,033 "," 177,970 "," 175,446 "," 189,199 "," 202,441 "," 193,707 "," 189,353 "," 211,081 "," 208,984 "," 218,121 "," 201,720 "," 229,893 "," 222,473 "," 227,336 "," 217,163 "," 258,041 "," 252,029 "," 251,709 "," 236,719 "," 296,406 "," 281,897 "," 277,798 "," 253,278 "," 317,420 "," 311,952 "," 313,576 "," 287,921 "," 348,735 "," 342,905 "," 333,415 "," 300,830 "," 376,222 "," 368,546 "," 365,440 "," 324,519 "," 405,326 "," 390,112 "," 386,914 "," 337,207 "," 378,839 "," 150,523 "," 267,336 "," 252,122 "," 302,349 "," 205,776 "," 334,005 "," 310,710 "," 381,571 "," 297,182 "," 462,867 "," 376,387 "," 473,256 "," 384,273 "," 523,724 "," 422,727 "," 514,111 "," 443,153 "," 559,287 "," 464,043 "," 557,557 "," 482,467 ",,,,,,,,,,,,,,,,,,,,,,,,,,,,,,,,,,,,,,,,,,,,,,,,,,
Communication," 14,192 "," 16,412 "," 17,491 "," 21,013 "," 19,343 "," 21,037 "," 21,377 "," 26,458 "," 23,683 "," 25,548 "," 24,359 "," 31,006 "," 27,788 "," 30,671 "," 28,705 "," 37,331 "," 33,414 "," 37,441 "," 34,913 "," 44,230 "," 40,277 "," 43,825 "," 38,368 "," 50,276 "," 43,966 "," 46,535 "," 41,074 "," 53,638 "," 49,818 "," 54,300 "," 45,168 "," 60,760 "," 53,302 "," 55,888 "," 47,584 "," 64,482 "," 57,226 "," 57,134 "," 47,389 "," 62,150 "," 58,600 "," 58,665 "," 47,808 "," 62,116 "," 59,840 "," 60,490 "," 49,489 "," 63,660 "," 65,148 "," 65,874 "," 54,670 "," 70,488 "," 70,730 "," 70,923 "," 58,124 "," 73,882 "," 76,136 "," 72,255 "," 60,135 "," 76,738 "," 80,014 "," 76,315 "," 66,220 "," 86,841 "," 83,984 "," 80,950 "," 67,010 "," 88,766 "," 85,468 "," 82,004 "," 70,588 "," 93,969 "," 91,920 "," 87,883 "," 72,778 "," 98,733 "," 99,863 "," 92,881 "," 77,871 "," 105,178 "," 105,442 "," 101,208 "," 83,457 "," 109,826 "," 112,917 "," 115,363 "," 89,999 "," 118,999 "," 121,319 "," 126,595 "," 96,656 "," 127,345 "," 127,704 "," 133,589 "," 101,839 "," 133,865 "," 134,459 "," 143,845 "," 106,701 "," 139,247 "," 142,285 "," 151,092 ",,,,,,,,,,,,,,,,,,,,,,,,,,,,,,,,,,,,,,,,,,,,,,,,,,
Recreation and culture," 16,423 "," 17,742 "," 18,496 "," 19,317 "," 17,461 "," 18,698 "," 20,027 "," 20,623 "," 18,269 "," 19,666 "," 21,557 "," 22,243 "," 20,310 "," 22,012 "," 23,503 "," 24,568 "," 23,531 "," 24,911 "," 25,865 "," 27,486 "," 25,360 "," 26,590 "," 27,343 "," 28,945 "," 28,149 "," 27,612 "," 28,841 "," 33,502 "," 30,375 "," 32,030 "," 33,014 "," 38,047 "," 34,470 "," 35,660 "," 33,994 "," 39,524 "," 34,806 "," 36,165 "," 35,644 "," 42,453 "," 37,056 "," 38,462 "," 37,074 "," 49,540 "," 36,235 "," 40,075 "," 40,480 "," 54,709 "," 42,842 "," 42,904 "," 42,947 "," 59,815 "," 46,715 "," 47,694 "," 45,533 "," 63,797 "," 52,161 "," 49,258 "," 46,931 "," 70,856 "," 58,884 "," 57,418 "," 49,141 "," 77,170 "," 64,657 "," 66,827 "," 52,466 "," 80,305 "," 65,441 "," 66,752 "," 53,556 "," 85,600 "," 69,191 "," 71,222 "," 57,309 "," 92,013 "," 76,523 "," 78,429 "," 62,317 "," 99,187 "," 73,192 "," 26,388 "," 29,177 "," 50,376 "," 47,647 "," 29,916 "," 35,578 "," 70,945 "," 56,384 "," 41,540 "," 53,223 "," 84,953 "," 75,297 "," 52,575 "," 63,229 "," 95,553 "," 85,759 "," 63,556 "," 67,281 "," 106,869 "," 95,832 "," 69,206 ",,,,,,,,,,,,,,,,,,,,,,,,,,,,,,,,,,,,,,,,,,,,,,,,,,
Education," 25,841 "," 29,062 "," 27,078 "," 30,748 "," 29,372 "," 32,540 "," 31,170 "," 35,079 "," 32,559 "," 36,488 "," 35,484 "," 39,581 "," 36,210 "," 39,867 "," 39,451 "," 44,292 "," 40,707 "," 45,049 "," 45,525 "," 51,654 "," 44,174 "," 50,243 "," 50,002 "," 57,316 "," 49,683 "," 55,280 "," 55,396 "," 62,669 "," 54,317 "," 59,439 "," 62,809 "," 70,697 "," 63,172 "," 69,891 "," 72,596 "," 80,868 "," 69,520 "," 75,105 "," 75,042 "," 86,861 "," 76,074 "," 77,674 "," 82,775 "," 92,158 "," 82,928 "," 86,092 "," 91,887 "," 102,591 "," 88,741 "," 92,613 "," 98,618 "," 108,111 "," 98,186 "," 99,890 "," 109,476 "," 117,794 "," 106,809 "," 108,724 "," 125,121 "," 132,863 "," 120,522 "," 118,210 "," 133,675 "," 139,137 "," 129,516 "," 132,224 "," 146,810 "," 151,824 "," 144,263 "," 144,109 "," 166,270 "," 163,246 "," 157,093 "," 159,229 "," 192,427 "," 187,784 "," 168,251 "," 174,038 "," 207,064 "," 203,208 "," 178,600 "," 153,991 "," 175,029 "," 176,161 "," 183,227 "," 172,830 "," 202,279 "," 193,235 "," 205,496 "," 186,716 "," 219,409 "," 219,841 "," 226,218 "," 205,563 "," 239,731 "," 245,349 "," 246,831 "," 215,427 "," 261,560 "," 271,497 "," 274,487 "," 247,290 ",,,,,,,,,,,,,,,,,,,,,,,,,,,,,,,,,,,,,,,,,,,,,,,,,,
Restaurants and hotels," 55,644 "," 54,672 "," 58,926 "," 64,123 "," 60,827 "," 58,912 "," 64,712 "," 69,973 "," 66,267 "," 64,174 "," 70,856 "," 77,420 "," 69,833 "," 64,316 "," 74,806 "," 84,485 "," 78,595 "," 73,657 "," 85,034 "," 95,387 "," 86,059 "," 79,650 "," 89,801 "," 103,569 "," 97,945 "," 87,035 "," 98,967 "," 112,580 "," 108,822 "," 97,440 "," 111,871 "," 123,177 "," 119,291 "," 109,134 "," 126,494 "," 141,721 "," 130,141 "," 113,834 "," 129,723 "," 143,228 "," 137,065 "," 123,531 "," 140,994 "," 158,549 "," 150,148 "," 137,097 "," 158,512 "," 177,642 "," 170,555 "," 149,878 "," 173,263 "," 193,386 "," 191,604 "," 163,752 "," 186,813 "," 208,781 "," 209,089 "," 183,821 "," 207,133 "," 214,098 "," 229,027 "," 200,079 "," 233,131 "," 240,695 "," 254,461 "," 222,591 "," 253,754 "," 268,273 "," 279,972 "," 251,783 "," 284,832 "," 308,776 "," 314,008 "," 276,714 "," 315,740 "," 346,505 "," 345,912 "," 299,142 "," 346,724 "," 381,916 "," 304,049 "," 104,940 "," 169,646 "," 222,166 "," 256,164 "," 133,110 "," 199,157 "," 280,375 "," 317,048 "," 182,816 "," 290,523 "," 372,932 "," 424,979 "," 243,540 "," 354,025 "," 455,338 "," 501,361 "," 284,919 "," 407,008 "," 499,380 "," 543,359 "," 312,432 ",,,,,,,,,,,,,,,,,,,,,,,,,,,,,,,,,,,,,,,,,,,,,,,,,,
Miscellaneous goods and services," 68,727 "," 80,102 "," 80,619 "," 95,081 "," 80,824 "," 72,530 "," 82,554 "," 113,453 "," 87,973 "," 85,900 "," 102,867 "," 109,889 "," 107,664 "," 102,608 "," 104,274 "," 128,793 "," 124,958 "," 90,510 "," 123,665 "," 158,868 "," 138,065 "," 111,769 "," 131,097 "," 160,011 "," 142,611 "," 140,203 "," 145,011 "," 168,942 "," 144,023 "," 141,821 "," 146,558 "," 189,368 "," 166,298 "," 168,705 "," 179,819 "," 217,844 "," 172,752 "," 179,057 "," 165,136 "," 211,161 "," 190,594 "," 187,087 "," 182,152 "," 218,212 "," 215,261 "," 217,739 "," 202,970 "," 254,496 "," 240,559 "," 238,878 "," 224,501 "," 303,159 "," 263,495 "," 261,298 "," 236,651 "," 319,852 "," 282,059 "," 282,460 "," 251,307 "," 342,867 "," 296,052 "," 300,657 "," 279,769 "," 377,298 "," 324,826 "," 328,946 "," 309,397 "," 420,245 "," 358,332 "," 359,968 "," 336,480 "," 458,491 "," 391,484 "," 402,363 "," 380,870 "," 507,307 "," 430,870 "," 439,125 "," 426,003 "," 562,062 "," 475,317 "," 442,732 "," 442,836 "," 565,180 "," 489,262 "," 472,064 "," 480,989 "," 615,571 "," 543,504 "," 521,030 "," 544,954 "," 686,287 "," 622,425 "," 580,193 "," 601,969 "," 776,162 "," 681,033 "," 645,758 "," 664,228 "," 858,697 "," 729,278 "," 685,188 ",,,,,,,,,,,,,,,,,,,,,,,,,,,,,,,,,,,,,,,,,,,,,,,,,,
,,,,,,,,,,,,,,,,,,,,,,,,,,,,,,,,,,,,,,,,,,,,,,,,,,,,,,,,,,,,,,,,,,,,,,,,,,,,,,,,,,,,,,,,,,,,,,,,,,,,,,,,,,,,,,,,,,,,,,,,,,,,,,,,,,,,,,,,,,,,,,,,,,,,,,,,
Household Final Consumption Expenditure ," 600,429 "," 652,947 "," 654,886 "," 743,547 "," 674,223 "," 711,777 "," 726,832 "," 821,054 "," 725,177 "," 781,357 "," 797,033 "," 876,877 "," 801,177 "," 845,576 "," 859,685 "," 961,372 "," 889,324 "," 941,246 "," 975,651 "," 1,112,155 "," 1,001,726 "," 1,075,814 "," 1,077,433 "," 1,221,087 "," 1,106,500 "," 1,189,444 "," 1,177,253 "," 1,326,777 "," 1,193,910 "," 1,283,459 "," 1,271,515 "," 1,452,307 "," 1,325,318 "," 1,452,134 "," 1,466,475 "," 1,647,678 "," 1,426,912 "," 1,531,354 "," 1,482,901 "," 1,699,717 "," 1,537,553 "," 1,631,454 "," 1,592,490 "," 1,836,208 "," 1,689,009 "," 1,816,501 "," 1,762,602 "," 2,049,375 "," 1,878,447 "," 1,963,276 "," 1,936,819 "," 2,246,467 "," 2,031,658 "," 2,111,436 "," 2,098,485 "," 2,436,145 "," 2,204,907 "," 2,291,325 "," 2,280,899 "," 2,635,906 "," 2,372,797 "," 2,468,974 "," 2,436,184 "," 2,827,778 "," 2,547,013 "," 2,680,857 "," 2,664,733 "," 3,086,483 "," 2,782,053 "," 2,923,649 "," 2,889,159 "," 3,356,002 "," 3,050,982 "," 3,240,042 "," 3,227,592 "," 3,731,469 "," 3,340,847 "," 3,499,709 "," 3,462,628 "," 3,985,148 "," 3,422,615 "," 3,042,128 "," 3,210,325 "," 3,801,008 "," 3,397,750 "," 3,395,240 "," 3,583,127 "," 4,232,430 "," 3,853,345 "," 3,878,011 "," 4,131,183 "," 4,862,506 "," 4,416,488 "," 4,324,079 "," 4,533,012 "," 5,330,879 "," 4,782,609 "," 4,707,105 "," 4,918,612 "," 5,729,365 "," 5,151,591 "," 5,028,484 ",,,,,,,,,,,,,,,,,,,,,,,,,,,,,,,,,,,,,,,,,,,,,,,,,,
,,,,,,,,,,,,,,,,,,,,,,,,,,,,,,,,,,,,,,,,,,,,,,,,,,,,,,,,,,,,,,,,,,,,,,,,,,,,,,,,,,,,,,,,,,,,,,,,,,,,,,,,,,,,,,,,,,,,,,,,,,,,,,,,,,,,,,,,,,,,,,,,,,,,,,,,
Source: Philippine Statistics Authority,,,,,,,,,,,,,,,,,,,,,,,,,,,,,,,,,,,,,,,,,,,,,,,,,,,,,,,,,,,,,,,,,,,,,,,,,,,,,,,,,,,,,,,,,,,,,,,,,,,,,,,,,,,,,,,,,,,,,,,,,,,,,,,,,,,,,,,,,,,,,,,,,,,,,,,,
,,,,,,,,,,,,,,,,,,,,,,,,,,,,,,,,,,,,,,,,,,,,,,,,,,,,,,,,,,,,,,,,,,,,,,,,,,,,,,,,,,,,,,,,,,,,,,,,,,,,,,,,,,,,,,,,,,,,,,,,,,,,,,,,,,,,,,,,,,,,,,,,,,,,,,,,
,,,,,,,,,,,,,,,,,,,,,,,,,,,,,,,,,,,,,,,,,,,,,,,,,,,,,,,,,,,,,,,,,,,,,,,,,,,,,,,,,,,,,,,,,,,,,,,,,,,,,,,,,,,,,,,,,,,,,,,,,,,,,,,,,,,,,,,,,,,,,,,,,,,,,,,,
National Accounts of the Philippines,,,,,,,,,,,,,,,,,,,,,,,,,,,,,,,,,,,,,,,,,,,,,,,,,,,,,,,,,,,,,,,,,,,,,,,,,,,,,,,,,,,,,,,,,,,,,,,,,,,,,,,,,,,,,,,,,,,,,,,,,,,,,,,,,,,,,,,,,,,,,,,,,,,,,,,,
Unit: In million Philippine pesos,,,,,,,,,,,,,,,,,,,,,,,,,,,,,,,,,,,,,,,,,,,,,,,,,,,,,,,,,,,,,,,,,,,,,,,,,,,,,,,,,,,,,,,,,,,,,,,,,,,,,,,,,,,,,,,,,,,,,,,,,,,,,,,,,,,,,,,,,,,,,,,,,,,,,,,,
As of August 2025,,,,,,,,,,,,,,,,,,,,,,,,,,,,,,,,,,,,,,,,,,,,,,,,,,,,,,,,,,,,,,,,,,,,,,,,,,,,,,,,,,,,,,,,,,,,,,,,,,,,,,,,,,,,,,,,,,,,,,,,,,,,,,,,,,,,,,,,,,,,,,,,,,,,,,,,
,,,,,,,,,,,,,,,,,,,,,,,,,,,,,,,,,,,,,,,,,,,,,,,,,,,,,,,,,,,,,,,,,,,,,,,,,,,,,,,,,,,,,,,,,,,,,,,,,,,,,,,,,,,,,,,,,,,,,,,,,,,,,,,,,,,,,,,,,,,,,,,,,,,,,,,,
"Table 5.2 Household Final Consumption Expenditure, by Purpose",,,,,,,,,,,,,,,,,,,,,,,,,,,,,,,,,,,,,,,,,,,,,,,,,,,,,,,,,,,,,,,,,,,,,,,,,,,,,,,,,,,,,,,,,,,,,,,,,,,,,,,,,,,,,,,,,,,,,,,,,,,,,,,,,,,,,,,,,,,,,,,,,,,,,,,,
Q1 2000 to Q2 2025,,,,,,,,,,,,,,,,,,,,,,,,,,,,,,,,,,,,,,,,,,,,,,,,,,,,,,,,,,,,,,,,,,,,,,,,,,,,,,,,,,,,,,,,,,,,,,,,,,,,,,,,,,,,,,,,,,,,,,,,,,,,,,,,,,,,,,,,,,,,,,,,,,,,,,,,
At Constant 2018 Prices,,,,,,,,,,,,,,,,,,,,,,,,,,,,,,,,,,,,,,,,,,,,,,,,,,,,,,,,,,,,,,,,,,,,,,,,,,,,,,,,,,,,,,,,,,,,,,,,,,,,,,,,,,,,,,,,,,,,,,,,,,,,,,,,,,,,,,,,,,,,,,,,,,,,,,,,
,,,,,,,,,,,,,,,,,,,,,,,,,,,,,,,,,,,,,,,,,,,,,,,,,,,,,,,,,,,,,,,,,,,,,,,,,,,,,,,,,,,,,,,,,,,,,,,,,,,,,,,,,,,,,,,,,,,,,,,,,,,,,,,,,,,,,,,,,,,,,,,,,,,,,,,,
,2000,,,,2001,,,,2002,,,,2003,,,,2004,,,,2005,,,,2006,,,,2007,,,,2008,,,,2009,,,,2010,,,,2011,,,,2012,,,,2013,,,,2014,,,,2015,,,,2016,,,,2017,,,,2018,,,,2019,,,,2020,,,,2021,,,,2022,,,,2023,,,,2024,,,,2025,,,,,,,,,,,,,,,,,,,,,,,,,,,,,,,,,,,,,,,,,,,,,,,,,,,
Purpose,Q1,Q2,Q3,Q4,Q1,Q2,Q3,Q4,Q1,Q2,Q3,Q4,Q1,Q2,Q3,Q4,Q1,Q2,Q3,Q4,Q1,Q2,Q3,Q4,Q1,Q2,Q3,Q4,Q1,Q2,Q3,Q4,Q1,Q2,Q3,Q4,Q1,Q2,Q3,Q4,Q1,Q2,Q3,Q4,Q1,Q2,Q3,Q4,Q1,Q2,Q3,Q4,Q1,Q2,Q3,Q4,Q1,Q2,Q3,Q4,Q1,Q2,Q3,Q4,Q1,Q2,Q3,Q4,Q1,Q2,Q3,Q4,Q1,Q2,Q3,Q4,Q1,Q2,Q3,Q4,Q1,Q2,Q3,Q4,Q1,Q2,Q3,Q4,Q1,Q2,Q3,Q4,Q1,Q2,Q3,Q4,Q1,Q2,Q3,Q4,Q1,Q2,,,,,,,,,,,,,,,,,,,,,,,,,,,,,,,,,,,,,,,,,,,,,,,,,,
,,,,,,,,,,,,,,,,,,,,,,,,,,,,,,,,,,,,,,,,,,,,,,,,,,,,,,,,,,,,,,,,,,,,,,,,,,,,,,,,,,,,,,,,,,,,,,,,,,,,,,,,,,,,,,,,,,,,,,,,,,,,,,,,,,,,,,,,,,,,,,,,,,,,,,,,
Food and non-alcoholic beverages," 423,665 "," 449,587 "," 450,837 "," 535,605 "," 437,333 "," 462,179 "," 469,641 "," 549,649 "," 448,135 "," 486,702 "," 489,892 "," 582,316 "," 477,252 "," 520,162 "," 524,456 "," 620,646 "," 511,668 "," 546,098 "," 557,059 "," 660,502 "," 548,599 "," 584,155 "," 588,139 "," 689,083 "," 568,915 "," 616,342 "," 609,338 "," 723,959 "," 583,249 "," 642,173 "," 624,806 "," 769,100 "," 612,423 "," 659,462 "," 653,092 "," 802,253 "," 615,292 "," 692,122 "," 668,043 "," 834,585 "," 639,868 "," 705,532 "," 675,545 "," 878,615 "," 677,040 "," 745,151 "," 738,870 "," 912,114 "," 731,346 "," 805,192 "," 773,345 "," 960,484 "," 776,755 "," 843,898 "," 825,336 "," 1,014,632 "," 813,527 "," 876,162 "," 852,033 "," 1,071,835 "," 851,115 "," 933,286 "," 896,797 "," 1,142,641 "," 905,304 "," 1,000,300 "," 970,620 "," 1,210,692 "," 956,717 "," 1,059,166 "," 1,013,129 "," 1,275,330 "," 1,006,691 "," 1,132,968 "," 1,045,323 "," 1,338,921 "," 1,065,738 "," 1,195,240 "," 1,091,080 "," 1,402,836 "," 1,116,360 "," 1,250,583 "," 1,145,023 "," 1,476,522 "," 1,143,280 "," 1,285,705 "," 1,178,278 "," 1,552,718 "," 1,256,130 "," 1,357,980 "," 1,227,510 "," 1,613,838 "," 1,265,574 "," 1,362,290 "," 1,230,791 "," 1,626,806 "," 1,271,433 "," 1,370,268 "," 1,270,362 "," 1,650,790 "," 1,332,005 "," 1,448,071 ",,,,,,,,,,,,,,,,,,,,,,,,,,,,,,,,,,,,,,,,,,,,,,,,,,
"Alcoholic beverages, tobacco"," 42,310 "," 48,905 "," 50,971 "," 50,779 "," 43,624 "," 49,779 "," 52,266 "," 52,345 "," 44,997 "," 51,428 "," 54,240 "," 54,436 "," 47,142 "," 52,999 "," 55,741 "," 56,648 "," 49,255 "," 56,183 "," 57,592 "," 58,963 "," 51,185 "," 57,698 "," 57,252 "," 58,166 "," 52,342 "," 59,410 "," 59,978 "," 58,971 "," 53,697 "," 60,133 "," 62,450 "," 61,771 "," 52,775 "," 62,782 "," 65,975 "," 70,708 "," 51,682 "," 66,218 "," 67,980 "," 75,492 "," 53,265 "," 67,049 "," 63,773 "," 73,691 "," 53,822 "," 67,188 "," 61,571 "," 79,713 "," 56,483 "," 71,377 "," 65,497 "," 84,833 "," 55,374 "," 67,435 "," 66,004 "," 90,997 "," 59,388 "," 77,052 "," 72,638 "," 98,962 "," 68,543 "," 77,559 "," 75,512 "," 101,587 "," 72,953 "," 82,515 "," 80,620 "," 105,488 "," 71,863 "," 83,158 "," 74,642 "," 100,597 "," 67,746 "," 80,511 "," 70,835 "," 94,768 "," 65,258 "," 79,207 "," 70,003 "," 90,784 "," 53,646 "," 46,568 "," 53,300 "," 74,022 "," 47,075 "," 46,958 "," 49,598 "," 66,587 "," 50,554 "," 48,416 "," 43,867 "," 68,965 "," 50,281 "," 44,441 "," 44,464 "," 69,400 "," 49,480 "," 46,554 "," 45,988 "," 71,877 "," 53,066 "," 45,849 ",,,,,,,,,,,,,,,,,,,,,,,,,,,,,,,,,,,,,,,,,,,,,,,,,,
Clothing and footwear," 38,728 "," 45,919 "," 46,470 "," 48,838 "," 39,465 "," 46,861 "," 47,524 "," 49,888 "," 41,117 "," 48,913 "," 49,767 "," 51,748 "," 42,231 "," 49,731 "," 49,647 "," 51,863 "," 44,474 "," 51,684 "," 51,089 "," 54,471 "," 45,917 "," 52,252 "," 49,363 "," 55,528 "," 44,007 "," 53,554 "," 49,230 "," 57,567 "," 46,853 "," 54,264 "," 49,770 "," 57,557 "," 49,114 "," 56,207 "," 53,106 "," 59,128 "," 49,096 "," 59,059 "," 53,379 "," 57,501 "," 50,846 "," 60,907 "," 54,062 "," 61,460 "," 53,776 "," 61,673 "," 56,888 "," 64,024 "," 55,178 "," 64,721 "," 58,568 "," 64,772 "," 57,126 "," 61,596 "," 60,488 "," 67,746 "," 63,459 "," 63,700 "," 60,839 "," 71,872 "," 55,494 "," 60,633 "," 63,535 "," 75,710 "," 53,011 "," 59,221 "," 60,592 "," 74,725 "," 56,466 "," 59,071 "," 60,087 "," 75,138 "," 56,870 "," 57,975 "," 59,645 "," 75,449 "," 59,216 "," 61,129 "," 61,281 "," 77,924 "," 59,285 "," 36,527 "," 52,720 "," 67,231 "," 50,555 "," 53,519 "," 67,403 "," 73,008 "," 54,768 "," 56,337 "," 65,496 "," 80,474 "," 53,153 "," 41,158 "," 59,280 "," 78,853 "," 53,410 "," 39,263 "," 62,339 "," 81,273 "," 55,499 "," 40,789 ",,,,,,,,,,,,,,,,,,,,,,,,,,,,,,,,,,,,,,,,,,,,,,,,,,
"Housing, water, electricity, gas and other fuels"," 157,847 "," 176,752 "," 170,154 "," 159,517 "," 165,114 "," 183,939 "," 176,590 "," 165,989 "," 160,650 "," 186,133 "," 179,486 "," 168,999 "," 173,157 "," 198,936 "," 188,607 "," 176,054 "," 179,195 "," 202,909 "," 193,890 "," 183,649 "," 189,028 "," 221,286 "," 212,160 "," 196,929 "," 197,006 "," 230,205 "," 213,608 "," 205,863 "," 208,162 "," 242,271 "," 229,549 "," 212,949 "," 219,868 "," 249,177 "," 236,850 "," 223,141 "," 233,674 "," 249,238 "," 228,289 "," 222,243 "," 243,405 "," 250,917 "," 232,006 "," 235,306 "," 247,732 "," 260,932 "," 231,562 "," 249,327 "," 260,637 "," 270,191 "," 255,242 "," 264,291 "," 262,305 "," 292,900 "," 283,863 "," 286,095 "," 275,121 "," 308,265 "," 299,385 "," 303,652 "," 291,300 "," 328,046 "," 300,527 "," 307,611 "," 322,037 "," 349,833 "," 315,057 "," 328,936 "," 339,302 "," 370,699 "," 335,897 "," 363,930 "," 370,453 "," 404,525 "," 365,616 "," 384,536 "," 394,240 "," 426,008 "," 393,878 "," 406,111 "," 403,692 "," 457,352 "," 421,121 "," 431,617 "," 402,798 "," 487,550 "," 434,548 "," 443,648 "," 425,390 "," 522,473 "," 440,354 "," 462,970 "," 440,944 "," 553,704 "," 459,676 "," 483,347 "," 473,820 "," 587,194 "," 476,721 "," 501,037 "," 484,091 "," 591,656 ",,,,,,,,,,,,,,,,,,,,,,,,,,,,,,,,,,,,,,,,,,,,,,,,,,
"Furnishings, household equipment 
   and routine household maintenance"," 44,555 "," 46,651 "," 48,668 "," 53,520 "," 49,721 "," 52,748 "," 52,406 "," 55,801 "," 51,624 "," 55,769 "," 53,323 "," 57,622 "," 51,037 "," 56,880 "," 53,714 "," 62,359 "," 55,407 "," 64,161 "," 59,679 "," 68,288 "," 57,550 "," 66,795 "," 58,874 "," 70,434 "," 60,972 "," 72,429 "," 62,202 "," 76,844 "," 64,445 "," 74,875 "," 60,323 "," 73,747 "," 65,861 "," 74,580 "," 63,155 "," 71,504 "," 66,456 "," 75,770 "," 60,935 "," 72,885 "," 68,315 "," 77,743 "," 63,308 "," 77,381 "," 71,794 "," 84,425 "," 67,010 "," 82,313 "," 73,790 "," 86,137 "," 71,823 "," 83,431 "," 77,425 "," 81,786 "," 76,100 "," 86,023 "," 83,872 "," 85,461 "," 78,988 "," 87,930 "," 86,435 "," 86,901 "," 80,259 "," 91,910 "," 92,343 "," 88,559 "," 81,014 "," 93,364 "," 94,410 "," 91,218 "," 90,719 "," 103,695 "," 99,222 "," 97,085 "," 97,018 "," 109,102 "," 103,430 "," 100,902 "," 102,426 "," 115,300 "," 93,673 "," 73,656 "," 91,757 "," 108,406 "," 88,236 "," 85,147 "," 98,817 "," 107,528 "," 95,996 "," 91,625 "," 107,923 "," 116,880 "," 93,612 "," 89,372 "," 107,537 "," 117,557 "," 96,377 "," 91,407 "," 110,512 "," 122,825 "," 97,512 "," 91,772 ",,,,,,,,,,,,,,,,,,,,,,,,,,,,,,,,,,,,,,,,,,,,,,,,,,
Health," 40,984 "," 41,902 "," 46,580 "," 45,466 "," 44,256 "," 43,295 "," 48,458 "," 47,768 "," 47,024 "," 45,599 "," 50,533 "," 49,541 "," 48,292 "," 47,764 "," 52,691 "," 51,738 "," 51,544 "," 51,256 "," 57,106 "," 55,824 "," 54,643 "," 56,918 "," 60,422 "," 59,386 "," 56,242 "," 57,757 "," 62,552 "," 62,684 "," 59,160 "," 59,953 "," 64,278 "," 64,327 "," 63,250 "," 61,969 "," 65,174 "," 62,746 "," 63,204 "," 65,078 "," 67,782 "," 66,138 "," 66,807 "," 65,889 "," 76,670 "," 69,601 "," 71,904 "," 70,532 "," 81,891 "," 75,563 "," 81,372 "," 80,613 "," 92,754 "," 81,256 "," 83,865 "," 85,679 "," 99,859 "," 88,521 "," 89,126 "," 93,119 "," 112,786 "," 96,459 "," 96,516 "," 101,991 "," 120,721 "," 107,034 "," 106,121 "," 110,649 "," 132,530 "," 116,301 "," 115,862 "," 120,354 "," 143,571 "," 126,862 "," 122,718 "," 122,378 "," 149,773 "," 132,656 "," 129,016 "," 128,739 "," 159,847 "," 142,260 "," 139,511 "," 112,319 "," 156,313 "," 138,394 "," 149,876 "," 130,214 "," 181,924 "," 162,065 "," 151,600 "," 126,262 "," 191,718 "," 170,921 "," 163,223 "," 138,034 "," 202,630 "," 182,361 "," 175,292 "," 151,039 "," 225,160 "," 203,232 "," 192,861 "," 166,209 ",,,,,,,,,,,,,,,,,,,,,,,,,,,,,,,,,,,,,,,,,,,,,,,,,,
Transport," 145,070 "," 162,306 "," 146,571 "," 159,835 "," 149,007 "," 166,412 "," 152,611 "," 167,369 "," 157,887 "," 175,851 "," 160,280 "," 173,243 "," 161,565 "," 181,115 "," 164,226 "," 177,172 "," 166,355 "," 197,270 "," 171,054 "," 181,760 "," 175,473 "," 198,584 "," 172,030 "," 182,602 "," 174,348 "," 200,299 "," 174,345 "," 190,520 "," 186,305 "," 212,910 "," 183,930 "," 202,784 "," 199,364 "," 221,843 "," 179,616 "," 202,362 "," 205,229 "," 229,109 "," 185,539 "," 205,284 "," 209,443 "," 238,327 "," 199,208 "," 217,017 "," 225,274 "," 238,298 "," 205,474 "," 221,092 "," 238,900 "," 242,080 "," 230,530 "," 232,629 "," 254,908 "," 258,619 "," 238,230 "," 248,170 "," 282,855 "," 287,998 "," 258,069 "," 267,773 "," 326,064 "," 322,265 "," 286,749 "," 285,976 "," 348,469 "," 356,137 "," 322,664 "," 320,374 "," 372,431 "," 379,999 "," 332,208 "," 327,110 "," 382,728 "," 386,090 "," 336,748 "," 329,161 "," 404,217 "," 398,600 "," 359,025 "," 346,495 "," 374,107 "," 158,887 "," 231,892 "," 239,987 "," 269,106 "," 189,405 "," 272,140 "," 275,543 "," 312,380 "," 238,061 "," 325,881 "," 297,653 "," 357,466 "," 308,874 "," 372,911 "," 333,613 "," 384,446 "," 345,701 "," 397,004 "," 369,251 "," 417,148 "," 384,280 ",,,,,,,,,,,,,,,,,,,,,,,,,,,,,,,,,,,,,,,,,,,,,,,,,,
Communication," 15,208 "," 17,579 "," 18,146 "," 21,783 "," 19,480 "," 21,705 "," 22,227 "," 27,590 "," 23,818 "," 25,848 "," 25,083 "," 32,325 "," 28,570 "," 31,684 "," 30,258 "," 39,948 "," 34,698 "," 39,022 "," 37,034 "," 47,686 "," 42,112 "," 45,759 "," 40,466 "," 53,916 "," 46,019 "," 47,726 "," 42,069 "," 56,623 "," 52,275 "," 55,263 "," 45,847 "," 62,832 "," 55,070 "," 56,451 "," 48,399 "," 66,857 "," 59,640 "," 58,012 "," 48,205 "," 64,723 "," 58,923 "," 59,685 "," 48,786 "," 64,856 "," 59,822 "," 61,255 "," 50,421 "," 66,344 "," 65,026 "," 67,157 "," 55,722 "," 73,446 "," 70,639 "," 72,318 "," 59,324 "," 76,863 "," 74,277 "," 72,212 "," 61,142 "," 79,696 "," 77,858 "," 76,410 "," 67,452 "," 90,476 "," 81,781 "," 80,790 "," 68,003 "," 92,209 "," 82,927 "," 81,430 "," 71,559 "," 97,429 "," 88,923 "," 87,205 "," 73,268 "," 101,918 "," 96,437 "," 92,104 "," 78,501 "," 108,850 "," 101,391 "," 100,032 "," 83,857 "," 113,288 "," 108,331 "," 113,724 "," 90,194 "," 122,470 "," 115,630 "," 124,021 "," 96,422 "," 130,249 "," 120,846 "," 129,982 "," 100,933 "," 136,075 "," 126,704 "," 139,282 "," 105,274 "," 141,272 "," 133,690 "," 145,781 ",,,,,,,,,,,,,,,,,,,,,,,,,,,,,,,,,,,,,,,,,,,,,,,,,,
Recreation and culture," 24,851 "," 27,243 "," 28,798 "," 28,620 "," 25,827 "," 27,487 "," 30,288 "," 29,657 "," 26,547 "," 28,526 "," 31,690 "," 31,492 "," 29,253 "," 31,280 "," 33,502 "," 33,841 "," 32,626 "," 34,585 "," 36,236 "," 36,775 "," 34,520 "," 35,320 "," 36,420 "," 36,733 "," 36,669 "," 35,493 "," 37,278 "," 41,285 "," 38,283 "," 40,594 "," 41,942 "," 46,148 "," 42,386 "," 43,932 "," 41,127 "," 45,666 "," 40,829 "," 44,142 "," 42,147 "," 48,243 "," 42,800 "," 44,443 "," 40,406 "," 55,880 "," 41,222 "," 45,581 "," 43,583 "," 61,075 "," 47,727 "," 48,211 "," 47,955 "," 65,494 "," 51,266 "," 52,605 "," 49,736 "," 68,283 "," 55,814 "," 53,096 "," 50,368 "," 73,969 "," 62,045 "," 61,231 "," 52,304 "," 80,105 "," 67,503 "," 70,111 "," 54,731 "," 81,653 "," 66,971 "," 68,917 "," 55,221 "," 85,895 "," 69,798 "," 72,671 "," 57,735 "," 89,532 "," 75,041 "," 77,921 "," 61,796 "," 95,792 "," 70,726 "," 25,857 "," 28,891 "," 48,947 "," 46,347 "," 29,492 "," 35,148 "," 68,302 "," 54,000 "," 40,245 "," 51,342 "," 79,086 "," 69,069 "," 48,607 "," 59,201 "," 84,979 "," 75,721 "," 56,725 "," 61,065 "," 92,739 "," 82,672 "," 60,459 ",,,,,,,,,,,,,,,,,,,,,,,,,,,,,,,,,,,,,,,,,,,,,,,,,,
Education," 68,071 "," 73,871 "," 66,421 "," 76,679 "," 69,031 "," 74,918 "," 69,083 "," 80,102 "," 70,709 "," 77,245 "," 72,224 "," 82,848 "," 72,335 "," 78,145 "," 74,467 "," 86,083 "," 75,350 "," 81,182 "," 78,775 "," 92,385 "," 74,980 "," 84,131 "," 82,401 "," 97,898 "," 80,611 "," 88,193 "," 86,551 "," 101,191 "," 83,183 "," 89,782 "," 90,758 "," 106,047 "," 89,558 "," 97,026 "," 97,974 "," 113,259 "," 92,134 "," 98,806 "," 100,926 "," 117,671 "," 97,621 "," 98,735 "," 103,569 "," 120,253 "," 101,941 "," 104,350 "," 109,195 "," 128,658 "," 104,403 "," 108,000 "," 112,595 "," 130,582 "," 111,403 "," 111,811 "," 119,660 "," 136,625 "," 121,826 "," 119,009 "," 129,669 "," 146,703 "," 126,681 "," 120,322 "," 133,991 "," 148,674 "," 131,597 "," 130,503 "," 144,184 "," 159,106 "," 143,681 "," 139,161 "," 159,920 "," 167,607 "," 153,649 "," 150,327 "," 192,036 "," 200,520 "," 171,582 "," 171,985 "," 198,878 "," 208,784 "," 173,995 "," 146,841 "," 167,277 "," 179,018 "," 176,602 "," 163,051 "," 191,320 "," 195,092 "," 196,958 "," 175,167 "," 201,724 "," 214,361 "," 209,215 "," 186,084 "," 213,148 "," 230,920 "," 219,970 "," 187,916 "," 220,808 "," 244,892 "," 234,653 "," 206,181 ",,,,,,,,,,,,,,,,,,,,,,,,,,,,,,,,,,,,,,,,,,,,,,,,,,
Restaurants and hotels," 100,454 "," 98,235 "," 104,665 "," 112,459 "," 105,630 "," 101,332 "," 108,685 "," 116,616 "," 111,060 "," 106,558 "," 116,407 "," 126,387 "," 114,295 "," 105,636 "," 118,251 "," 134,281 "," 122,909 "," 115,807 "," 129,662 "," 145,713 "," 129,451 "," 118,923 "," 129,680 "," 149,620 "," 135,452 "," 124,099 "," 132,447 "," 159,222 "," 151,633 "," 137,123 "," 150,504 "," 166,243 "," 157,706 "," 139,873 "," 151,690 "," 172,372 "," 164,311 "," 147,703 "," 156,900 "," 175,335 "," 170,306 "," 153,597 "," 166,494 "," 189,602 "," 177,378 "," 165,813 "," 181,872 "," 206,611 "," 195,984 "," 176,867 "," 193,133 "," 219,704 "," 211,454 "," 189,184 "," 203,875 "," 232,351 "," 225,958 "," 207,840 "," 221,681 "," 235,313 "," 246,108 "," 224,065 "," 247,308 "," 263,116 "," 269,308 "," 243,693 "," 261,647 "," 284,812 "," 289,837 "," 270,681 "," 287,840 "," 319,429 "," 316,747 "," 287,983 "," 304,562 "," 343,675 "," 336,499 "," 302,536 "," 325,982 "," 371,009 "," 288,475 "," 103,669 "," 155,871 "," 210,823 "," 235,704 "," 126,134 "," 175,344 "," 256,717 "," 283,407 "," 168,506 "," 244,760 "," 320,911 "," 351,703 "," 207,143 "," 282,209 "," 370,170 "," 393,383 "," 230,233 "," 310,324 "," 390,877 "," 417,861 "," 247,192 ",,,,,,,,,,,,,,,,,,,,,,,,,,,,,,,,,,,,,,,,,,,,,,,,,,
Miscellaneous goods and services," 136,650 "," 150,525 "," 134,968 "," 172,197 "," 144,787 "," 129,614 "," 142,960 "," 198,519 "," 155,750 "," 157,773 "," 175,798 "," 196,181 "," 184,730 "," 160,984 "," 178,304 "," 206,639 "," 200,203 "," 142,734 "," 183,474 "," 225,151 "," 195,307 "," 156,732 "," 184,300 "," 221,512 "," 202,134 "," 180,968 "," 202,546 "," 217,829 "," 194,217 "," 183,092 "," 204,653 "," 241,439 "," 205,456 "," 184,856 "," 218,681 "," 248,756 "," 209,399 "," 202,743 "," 209,741 "," 261,463 "," 227,993 "," 207,884 "," 216,096 "," 271,178 "," 239,618 "," 223,851 "," 242,344 "," 303,287 "," 257,544 "," 252,567 "," 255,718 "," 345,417 "," 278,583 "," 273,124 "," 273,383 "," 365,385 "," 295,930 "," 286,911 "," 281,941 "," 380,781 "," 303,121 "," 303,224 "," 311,111 "," 416,214 "," 327,544 "," 325,859 "," 336,475 "," 451,524 "," 353,024 "," 349,562 "," 358,651 "," 484,456 "," 379,255 "," 384,155 "," 396,160 "," 522,454 "," 408,072 "," 411,337 "," 434,543 "," 569,614 "," 439,752 "," 405,446 "," 442,065 "," 560,665 "," 438,900 "," 419,233 "," 470,840 "," 598,947 "," 475,267 "," 448,084 "," 508,792 "," 638,995 "," 517,071 "," 472,035 "," 551,053 "," 705,407 "," 545,156 "," 508,423 "," 590,374 "," 758,934 "," 568,743 "," 530,414 ",,,,,,,,,,,,,,,,,,,,,,,,,,,,,,,,,,,,,,,,,,,,,,,,,,
,,,,,,,,,,,,,,,,,,,,,,,,,,,,,,,,,,,,,,,,,,,,,,,,,,,,,,,,,,,,,,,,,,,,,,,,,,,,,,,,,,,,,,,,,,,,,,,,,,,,,,,,,,,,,,,,,,,,,,,,,,,,,,,,,,,,,,,,,,,,,,,,,,,,,,,,
Household Final Consumption Expenditure ," 1,238,391 "," 1,339,475 "," 1,313,248 "," 1,465,298 "," 1,293,275 "," 1,360,269 "," 1,372,739 "," 1,541,293 "," 1,339,317 "," 1,446,344 "," 1,458,722 "," 1,607,139 "," 1,429,858 "," 1,515,315 "," 1,523,863 "," 1,697,272 "," 1,523,683 "," 1,582,891 "," 1,612,650 "," 1,811,167 "," 1,598,765 "," 1,678,553 "," 1,671,508 "," 1,871,806 "," 1,654,718 "," 1,766,477 "," 1,732,145 "," 1,952,559 "," 1,721,464 "," 1,852,435 "," 1,808,810 "," 2,064,944 "," 1,812,829 "," 1,908,160 "," 1,874,840 "," 2,138,752 "," 1,850,946 "," 1,988,001 "," 1,889,867 "," 2,201,565 "," 1,929,592 "," 2,030,708 "," 1,939,923 "," 2,314,840 "," 2,021,322 "," 2,129,049 "," 2,070,681 "," 2,450,123 "," 2,168,390 "," 2,273,112 "," 2,212,883 "," 2,606,341 "," 2,291,103 "," 2,390,956 "," 2,355,858 "," 2,761,690 "," 2,441,153 "," 2,530,825 "," 2,479,539 "," 2,914,944 "," 2,591,280 "," 2,695,933 "," 2,636,266 "," 3,111,056 "," 2,777,972 "," 2,898,169 "," 2,828,137 "," 3,319,183 "," 2,943,490 "," 3,073,414 "," 2,983,445 "," 3,527,479 "," 3,114,801 "," 3,263,873 "," 3,148,718 "," 3,722,692 "," 3,308,748 "," 3,445,708 "," 3,337,241 "," 3,935,759 "," 3,314,612 "," 2,917,737 "," 3,030,086 "," 3,648,922 "," 3,156,809 "," 3,130,131 "," 3,245,553 "," 3,922,624 "," 3,472,080 "," 3,397,178 "," 3,505,788 "," 4,195,302 "," 3,692,158 "," 3,581,723 "," 3,683,833 "," 4,419,487 "," 3,865,194 "," 3,754,005 "," 3,875,930 "," 4,628,998 "," 4,069,803 "," 3,958,652 ",,,,,,,,,,,,,,,,,,,,,,,,,,,,,,,,,,,,,,,,,,,,,,,,,,
,,,,,,,,,,,,,,,,,,,,,,,,,,,,,,,,,,,,,,,,,,,,,,,,,,,,,,,,,,,,,,,,,,,,,,,,,,,,,,,,,,,,,,,,,,,,,,,,,,,,,,,,,,,,,,,,,,,,,,,,,,,,,,,,,,,,,,,,,,,,,,,,,,,,,,,,
Source: Philippine Statistics Authority,,,,,,,,,,,,,,,,,,,,,,,,,,,,,,,,,,,,,,,,,,,,,,,,,,,,,,,,,,,,,,,,,,,,,,,,,,,,,,,,,,,,,,,,,,,,,,,,,,,,,,,,,,,,,,,,,,,,,,,,,,,,,,,,,,,,,,,,,,,,,,,,,,,,,,,,
,,,,,,,,,,,,,,,,,,,,,,,,,,,,,,,,,,,,,,,,,,,,,,,,,,,,,,,,,,,,,,,,,,,,,,,,,,,,,,,,,,,,,,,,,,,,,,,,,,,,,,,,,,,,,,,,,,,,,,,,,,,,,,,,,,,,,,,,,,,,,,,,,,,,,,,,
,,,,,,,,,,,,,,,,,,,,,,,,,,,,,,,,,,,,,,,,,,,,,,,,,,,,,,,,,,,,,,,,,,,,,,,,,,,,,,,,,,,,,,,,,,,,,,,,,,,,,,,,,,,,,,,,,,,,,,,,,,,,,,,,,,,,,,,,,,,,,,,,,,,,,,,,
National Accounts of the Philippines,,,,,,,,,,,,,,,,,,,,,,,,,,,,,,,,,,,,,,,,,,,,,,,,,,,,,,,,,,,,,,,,,,,,,,,,,,,,,,,,,,,,,,,,,,,,,,,,,,,,,,,,,,,,,,,,,,,,,,,,,,,,,,,,,,,,,,,,,,,,,,,,,,,,,,,,
Unit: In Percent,,,,,,,,,,,,,,,,,,,,,,,,,,,,,,,,,,,,,,,,,,,,,,,,,,,,,,,,,,,,,,,,,,,,,,,,,,,,,,,,,,,,,,,,,,,,,,,,,,,,,,,,,,,,,,,,,,,,,,,,,,,,,,,,,,,,,,,,,,,,,,,,,,,,,,,,
As of August 2025,,,,,,,,,,,,,,,,,,,,,,,,,,,,,,,,,,,,,,,,,,,,,,,,,,,,,,,,,,,,,,,,,,,,,,,,,,,,,,,,,,,,,,,,,,,,,,,,,,,,,,,,,,,,,,,,,,,,,,,,,,,,,,,,,,,,,,,,,,,,,,,,,,,,,,,,
,,,,,,,,,,,,,,,,,,,,,,,,,,,,,,,,,,,,,,,,,,,,,,,,,,,,,,,,,,,,,,,,,,,,,,,,,,,,,,,,,,,,,,,,,,,,,,,,,,,,,,,,,,,,,,,,,,,,,,,,,,,,,,,,,,,,,,,,,,,,,,,,,,,,,,,,
"Table 5.3 Household Final Consumption Expenditure, by Purpose",,,,,,,,,,,,,,,,,,,,,,,,,,,,,,,,,,,,,,,,,,,,,,,,,,,,,,,,,,,,,,,,,,,,,,,,,,,,,,,,,,,,,,,,,,,,,,,,,,,,,,,,,,,,,,,,,,,,,,,,,,,,,,,,,,,,,,,,,,,,,,,,,,,,,,,,
Q1 2001 to Q2 2025,,,,,,,,,,,,,,,,,,,,,,,,,,,,,,,,,,,,,,,,,,,,,,,,,,,,,,,,,,,,,,,,,,,,,,,,,,,,,,,,,,,,,,,,,,,,,,,,,,,,,,,,,,,,,,,,,,,,,,,,,,,,,,,,,,,,,,,,,,,,,,,,,,,,,,,,
"Growth Rates, at Current Prices",,,,,,,,,,,,,,,,,,,,,,,,,,,,,,,,,,,,,,,,,,,,,,,,,,,,,,,,,,,,,,,,,,,,,,,,,,,,,,,,,,,,,,,,,,,,,,,,,,,,,,,,,,,,,,,,,,,,,,,,,,,,,,,,,,,,,,,,,,,,,,,,,,,,,,,,
,,,,,,,,,,,,,,,,,,,,,,,,,,,,,,,,,,,,,,,,,,,,,,,,,,,,,,,,,,,,,,,,,,,,,,,,,,,,,,,,,,,,,,,,,,,,,,,,,,,,,,,,,,,,,,,,,,,,,,,,,,,,,,,,,,,,,,,,,,,,,,,,,,,,,,,,
,2000 - 2001,,,,2001 - 2002,,,,2002 - 2003,,,,2003 - 2004,,,,2004 - 2005,,,,2005 - 2006,,,,2006 - 2007,,,,2007 - 2008,,,,2008 - 2009,,,,2009 - 2010,,,,2010 - 2011,,,,2011 - 2012,,,,2012 - 2013,,,,2013 - 2014,,,,2014 - 2015,,,,2015 - 2016,,,,2016 - 2017,,,,2017 - 2018,,,,2018 - 2019,,,,2019 - 2020,,,,2020 - 2021,,,,2021 - 2022,,,,2022 - 2023,,,,2023 - 2024,,,,2024 - 2025,,,,,,,,,,,,,,,,,,,,,,,,,,,,,,,,,,,,,,,,,,,,,,,,,,,,,,,
Purpose,Q1,Q2,Q3,Q4,Q1,Q2,Q3,Q4,Q1,Q2,Q3,Q4,Q1,Q2,Q3,Q4,Q1,Q2,Q3,Q4,Q1,Q2,Q3,Q4,Q1,Q2,Q3,Q4,Q1,Q2,Q3,Q4,Q1,Q2,Q3,Q4,Q1,Q2,Q3,Q4,Q1,Q2,Q3,Q4,Q1,Q2,Q3,Q4,Q1,Q2,Q3,Q4,Q1,Q2,Q3,Q4,Q1,Q2,Q3,Q4,Q1,Q2,Q3,Q4,Q1,Q2,Q3,Q4,Q1,Q2,Q3,Q4,Q1,Q2,Q3,Q4,Q1,Q2,Q3,Q4,Q1,Q2,Q3,Q4,Q1,Q2,Q3,Q4,Q1,Q2,Q3,Q4,Q1,Q2,Q3,Q4,Q1,Q2,,,,,,,,,,,,,,,,,,,,,,,,,,,,,,,,,,,,,,,,,,,,,,,,,,,,,,
,,,,,,,,,,,,,,,,,,,,,,,,,,,,,,,,,,,,,,,,,,,,,,,,,,,,,,,,,,,,,,,,,,,,,,,,,,,,,,,,,,,,,,,,,,,,,,,,,,,,,,,,,,,,,,,,,,,,,,,,,,,,,,,,,,,,,,,,,,,,,,,,,,,,,,,,
Food and non-alcoholic beverages,6.6,7.0,9.2,6.4,5.6,9.0,7.6,9.0,10.0,7.0,11.1,7.6,11.4,14.2,12.5,14.8,12.5,11.3,10.7,10.4,9.7,9.9,8.5,9.0,6.8,6.4,7.1,10.1,12.2,19.0,23.5,19.7,10.7,8.0,2.8,4.9,7.9,5.8,3.1,8.4,11.2,14.6,13.2,13.5,11.9,8.4,8.1,8.7,6.0,6.8,8.8,9.1,6.7,6.5,8.0,8.3,6.4,8.1,5.7,7.0,7.1,7.8,10.7,8.6,10.0,9.4,7.8,7.4,10.5,13.0,12.1,13.1,10.4,8.2,4.3,4.4,6.4,7.8,6.9,8.5,8.3,7.6,8.9,9.5,11.9,11.6,11.6,14.2,11.1,7.7,7.9,6.9,5.0,6.6,7.2,4.8,7.8,6.4,,,,,,,,,,,,,,,,,,,,,,,,,,,,,,,,,,,,,,,,,,,,,,,,,,,,,,
"Alcoholic beverages, tobacco",7.8,7.1,8.6,8.6,7.5,7.2,6.7,6.3,6.9,4.9,5.1,6.0,6.5,9.1,6.1,7.4,8.8,8.8,6.0,5.3,8.1,7.7,8.8,5.2,6.1,3.7,7.0,7.1,0.8,9.3,11.0,20.0,3.3,7.3,6.1,6.3,6.5,5.7,4.7,2.4,5.3,6.0,-0.4,8.9,9.7,10.8,6.9,11.1,3.9,4.9,12.1,13.4,9.5,19.2,14.3,15.7,20.4,4.4,7.6,5.4,8.9,12.3,13.5,11.7,4.6,7.3,-1.8,1.3,9.3,16.3,15.7,14.7,8.6,7.3,9.2,11.9,-2.6,-30.5,-11.3,-8.7,-1.7,12.6,2.6,-3.0,12.8,10.7,-3.4,14.5,10.8,3.0,11.1,7.2,6.2,9.3,6.8,6.7,11.0,2.2,,,,,,,,,,,,,,,,,,,,,,,,,,,,,,,,,,,,,,,,,,,,,,,,,,,,,,
Clothing and footwear,5.4,6.2,6.3,5.5,7.4,7.6,8.0,7.1,6.0,4.7,3.3,3.2,8.1,7.1,5.4,7.9,6.9,4.6,0.0,5.0,-1.5,5.2,2.3,6.5,9.4,3.5,3.4,1.6,8.3,8.4,11.9,7.9,3.0,5.5,2.8,-1.1,4.9,7.3,3.3,7.4,8.1,3.9,8.6,7.0,6.1,9.4,7.8,5.6,10.9,5.7,6.1,7.8,15.2,7.3,2.2,11.9,-9.5,-2.4,6.7,7.0,-2.8,0.0,-1.9,1.8,9.7,2.3,1.0,2.2,-0.1,0.1,1.9,3.0,6.4,7.5,4.9,5.4,2.8,-38.8,-12.3,-12.3,-13.4,49.0,30.1,10.6,10.4,8.0,-0.2,14.1,1.6,-23.2,-5.3,2.3,4.2,-1.4,8.3,5.7,6.1,5.6,,,,,,,,,,,,,,,,,,,,,,,,,,,,,,,,,,,,,,,,,,,,,,,,,,,,,,
"Housing, water, electricity, gas and other fuels",14.2,15.3,14.5,12.4,5.3,6.8,5.8,5.3,11.6,9.5,9.8,9.1,4.8,6.3,6.9,12.4,15.2,19.4,18.6,13.8,12.1,8.3,8.3,9.9,12.0,16.4,17.3,12.6,10.0,7.6,5.9,6.7,5.1,-1.1,-2.9,3.5,11.0,11.5,13.3,15.9,9.8,11.0,9.5,8.3,9.8,7.2,12.3,8.9,8.0,9.7,11.5,10.6,8.3,8.8,8.4,8.6,3.8,5.2,-1.5,0.0,2.7,5.7,5.4,8.2,8.6,9.5,9.5,14.8,12.3,12.7,14.8,10.2,10.0,8.2,8.9,6.2,4.2,7.6,7.9,7.1,0.6,8.7,6.5,7.6,11.1,14.3,9.2,11.8,12.2,12.5,7.6,6.7,8.2,6.6,7.0,6.1,4.0,3.6,,,,,,,,,,,,,,,,,,,,,,,,,,,,,,,,,,,,,,,,,,,,,,,,,,,,,,
"Furnishings, household equipment 
   and routine household maintenance",14.6,17.4,11.6,7.1,6.1,7.5,3.4,5.1,0.7,3.9,2.9,10.0,10.0,14.9,12.8,11.7,6.2,6.1,0.5,4.9,7.4,9.9,7.0,10.7,7.2,4.3,-1.8,-3.1,3.9,2.2,7.3,-0.6,2.6,3.2,-2.5,3.0,4.0,3.0,4.2,6.9,6.3,10.3,7.5,9.9,4.8,4.7,11.5,3.9,9.3,-1.8,8.4,5.5,10.3,7.4,7.0,5.1,5.7,3.8,3.2,5.6,8.3,3.7,3.4,0.9,4.8,5.6,13.9,12.8,7.7,9.3,10.9,9.2,7.8,6.8,8.0,8.0,-6.2,-24.0,-6.9,-2.7,-3.6,18.3,10.3,1.6,11.5,10.5,12.9,13.4,3.2,3.5,3.4,5.5,6.5,5.3,5.5,7.2,3.6,2.5,,,,,,,,,,,,,,,,,,,,,,,,,,,,,,,,,,,,,,,,,,,,,,,,,,,,,,
Health,17.2,13.1,14.0,14.2,13.5,11.6,10.6,10.6,11.7,13.0,12.2,10.7,10.9,12.1,13.9,14.6,11.7,17.5,12.4,13.1,9.7,7.9,9.6,12.5,11.7,8.8,7.1,6.3,12.7,11.3,10.0,6.0,6.6,11.9,3.1,9.5,10.1,3.3,22.9,8.2,10.8,10.7,10.1,12.0,16.0,17.2,16.4,10.2,6.2,11.0,14.1,14.1,9.3,10.5,13.3,12.5,11.5,12.0,8.7,12.2,11.3,11.2,12.9,12.0,12.3,11.7,10.7,11.3,8.3,4.2,8.7,9.2,9.2,8.6,9.4,9.7,11.2,-10.3,0.5,-0.2,10.4,19.5,20.0,20.8,3.9,-0.6,7.9,8.4,11.7,13.7,9.9,10.8,10.8,12.7,14.0,14.3,12.6,12.7,,,,,,,,,,,,,,,,,,,,,,,,,,,,,,,,,,,,,,,,,,,,,,,,,,,,,,
Transport,23.5,24.0,23.1,10.0,7.7,7.3,6.3,5.1,5.2,2.7,4.2,5.8,6.7,29.2,22.1,21.7,23.0,22.9,20.8,21.9,23.1,9.0,14.3,8.4,8.7,6.1,5.3,6.2,9.0,8.3,9.5,9.6,9.8,5.4,7.9,5.0,6.2,9.0,9.8,5.7,10.5,5.4,8.8,7.9,11.6,3.2,12.6,6.5,8.9,6.5,4.2,7.7,12.2,13.3,10.7,9.0,14.9,11.9,10.4,7.0,7.1,10.7,12.9,13.7,9.9,9.9,6.3,4.5,7.9,7.5,9.6,7.9,7.7,5.9,5.9,3.9,-6.5,-61.4,-30.9,-25.2,-20.2,36.7,24.9,23.2,26.2,44.4,38.6,21.1,24.0,29.3,13.1,12.3,8.6,15.3,6.8,9.8,8.5,8.9,,,,,,,,,,,,,,,,,,,,,,,,,,,,,,,,,,,,,,,,,,,,,,,,,,,,,,
Communication,36.3,28.2,22.2,25.9,22.4,21.4,13.9,17.2,17.3,20.1,17.8,20.4,20.2,22.1,21.6,18.5,20.5,17.1,9.9,13.7,9.2,6.2,7.1,6.7,13.3,16.7,10.0,13.3,7.0,2.9,5.3,6.1,7.4,2.2,-0.4,-3.6,2.4,2.7,0.9,-0.1,2.1,3.1,3.5,2.5,8.9,8.9,10.5,10.7,8.6,7.7,6.3,4.8,7.6,1.9,3.5,3.9,5.1,5.6,10.1,13.2,5.0,6.1,1.2,2.2,1.8,1.3,5.3,5.9,7.5,7.2,3.1,5.1,8.6,5.7,7.0,6.5,5.6,9.0,7.2,4.4,7.1,14.0,7.8,8.4,7.4,9.7,7.4,7.0,5.3,5.5,5.4,5.1,5.3,7.7,4.8,4.0,5.8,5.0,,,,,,,,,,,,,,,,,,,,,,,,,,,,,,,,,,,,,,,,,,,,,,,,,,,,,,
Recreation and culture,6.3,5.4,8.3,6.8,4.6,5.2,7.6,7.9,11.2,11.9,9.0,10.5,15.9,13.2,10.0,11.9,7.8,6.7,5.7,5.3,11.0,3.8,5.5,15.7,7.9,16.0,14.5,13.6,13.5,11.3,3.0,3.9,1.0,1.4,4.9,7.4,6.5,6.4,4.0,16.7,-2.2,4.2,9.2,10.4,18.2,7.1,6.1,9.3,9.0,11.2,6.0,6.7,11.7,3.3,3.1,11.1,12.9,16.6,4.7,8.9,9.8,16.4,6.8,4.1,1.2,-0.1,2.1,6.6,5.7,6.7,7.0,7.5,10.6,10.1,8.7,7.8,-4.4,-66.4,-53.2,-49.2,-34.9,13.4,21.9,40.8,18.3,38.9,49.6,19.7,33.5,26.6,18.8,12.5,13.9,20.9,6.4,11.8,11.7,8.9,,,,,,,,,,,,,,,,,,,,,,,,,,,,,,,,,,,,,,,,,,,,,,,,,,,,,,
Education,13.7,12.0,15.1,14.1,10.9,12.1,13.8,12.8,11.2,9.3,11.2,11.9,12.4,13.0,15.4,16.6,8.5,11.5,9.8,11.0,12.5,10.0,10.8,9.3,9.3,7.5,13.4,12.8,16.3,17.6,15.6,14.4,10.0,7.5,3.4,7.4,9.4,3.4,10.3,6.1,9.0,10.8,11.0,11.3,7.0,7.6,7.3,5.4,10.6,7.9,11.0,9.0,8.8,8.8,14.3,12.8,12.8,8.7,6.8,4.7,7.5,11.9,9.8,9.1,11.4,9.0,13.3,7.5,8.9,10.5,15.7,15.0,7.1,9.3,7.6,8.2,6.2,-11.5,-15.5,-13.3,2.6,12.2,15.6,9.7,12.2,8.0,8.5,13.8,10.1,10.1,9.3,11.6,9.1,4.8,9.1,10.7,11.2,14.8,,,,,,,,,,,,,,,,,,,,,,,,,,,,,,,,,,,,,,,,,,,,,,,,,,,,,,
Restaurants and hotels,9.3,7.8,9.8,9.1,8.9,8.9,9.5,10.6,5.4,0.2,5.6,9.1,12.5,14.5,13.7,12.9,9.5,8.1,5.6,8.6,13.8,9.3,10.2,8.7,11.1,12.0,13.0,9.4,9.6,12.0,13.1,15.1,9.1,4.3,2.6,1.1,5.3,8.5,8.7,10.7,9.5,11.0,12.4,12.0,13.6,9.3,9.3,8.9,12.3,9.3,7.8,8.0,9.1,12.3,10.9,2.5,9.5,8.8,12.6,12.4,11.1,11.3,8.8,11.5,10.0,13.1,12.2,15.1,12.2,9.9,10.9,12.2,10.2,8.1,9.8,10.2,-12.1,-64.9,-51.1,-41.8,-15.7,26.8,17.4,26.2,23.8,37.3,45.9,33.0,34.0,33.2,21.9,22.1,18.0,17.0,15.0,9.7,8.4,9.7,,,,,,,,,,,,,,,,,,,,,,,,,,,,,,,,,,,,,,,,,,,,,,,,,,,,,,
Miscellaneous goods and services,17.6,-9.5,2.4,19.3,8.8,18.4,24.6,-3.1,22.4,19.5,1.4,17.2,16.1,-11.8,18.6,23.4,10.5,23.5,6.0,0.7,3.3,25.4,10.6,5.6,1.0,1.2,1.1,12.1,15.5,19.0,22.7,15.0,3.9,6.1,-8.2,-3.1,10.3,4.5,10.3,3.3,12.9,16.4,11.4,16.6,11.8,9.7,10.6,19.1,9.5,9.4,5.4,5.5,7.0,8.1,6.2,7.2,5.0,6.4,11.3,10.0,9.7,9.4,10.6,11.4,10.3,9.4,8.8,9.1,9.3,11.8,13.2,10.6,10.1,9.1,11.8,10.8,10.3,0.8,4.0,0.6,2.9,6.6,8.6,8.9,11.1,10.4,13.3,11.5,14.5,11.4,10.5,13.1,9.4,11.3,10.3,10.6,7.1,6.1,,,,,,,,,,,,,,,,,,,,,,,,,,,,,,,,,,,,,,,,,,,,,,,,,,,,,,
,,,,,,,,,,,,,,,,,,,,,,,,,,,,,,,,,,,,,,,,,,,,,,,,,,,,,,,,,,,,,,,,,,,,,,,,,,,,,,,,,,,,,,,,,,,,,,,,,,,,,,,,,,,,,,,,,,,,,,,,,,,,,,,,,,,,,,,,,,,,,,,,,,,,,,,,
Household Final Consumption Expenditure ,12.3,9.0,11.0,10.4,7.6,9.8,9.7,6.8,10.5,8.2,7.9,9.6,11.0,11.3,13.5,15.7,12.6,14.3,10.4,9.8,10.5,10.6,9.3,8.7,7.9,7.9,8.0,9.5,11.0,13.1,15.3,13.5,7.7,5.5,1.1,3.2,7.8,6.5,7.4,8.0,9.9,11.3,10.7,11.6,11.2,8.1,9.9,9.6,8.2,7.5,8.3,8.4,8.5,8.5,8.7,8.2,7.6,7.8,6.8,7.3,7.3,8.6,9.4,9.1,9.2,9.1,8.4,8.7,9.7,10.8,11.7,11.2,9.5,8.0,7.3,6.8,2.4,-13.1,-7.3,-4.6,-0.7,11.6,11.6,11.4,13.4,14.2,15.3,14.9,14.6,11.5,9.7,9.6,8.3,8.9,8.5,7.5,7.7,6.8,,,,,,,,,,,,,,,,,,,,,,,,,,,,,,,,,,,,,,,,,,,,,,,,,,,,,,
,,,,,,,,,,,,,,,,,,,,,,,,,,,,,,,,,,,,,,,,,,,,,,,,,,,,,,,,,,,,,,,,,,,,,,,,,,,,,,,,,,,,,,,,,,,,,,,,,,,,,,,,,,,,,,,,,,,,,,,,,,,,,,,,,,,,,,,,,,,,,,,,,,,,,,,,
Source: Philippine Statistics Authority,,,,,,,,,,,,,,,,,,,,,,,,,,,,,,,,,,,,,,,,,,,,,,,,,,,,,,,,,,,,,,,,,,,,,,,,,,,,,,,,,,,,,,,,,,,,,,,,,,,,,,,,,,,,,,,,,,,,,,,,,,,,,,,,,,,,,,,,,,,,,,,,,,,,,,,,
,,,,,,,,,,,,,,,,,,,,,,,,,,,,,,,,,,,,,,,,,,,,,,,,,,,,,,,,,,,,,,,,,,,,,,,,,,,,,,,,,,,,,,,,,,,,,,,,,,,,,,,,,,,,,,,,,,,,,,,,,,,,,,,,,,,,,,,,,,,,,,,,,,,,,,,,
,,,,,,,,,,,,,,,,,,,,,,,,,,,,,,,,,,,,,,,,,,,,,,,,,,,,,,,,,,,,,,,,,,,,,,,,,,,,,,,,,,,,,,,,,,,,,,,,,,,,,,,,,,,,,,,,,,,,,,,,,,,,,,,,,,,,,,,,,,,,,,,,,,,,,,,,
National Accounts of the Philippines,,,,,,,,,,,,,,,,,,,,,,,,,,,,,,,,,,,,,,,,,,,,,,,,,,,,,,,,,,,,,,,,,,,,,,,,,,,,,,,,,,,,,,,,,,,,,,,,,,,,,,,,,,,,,,,,,,,,,,,,,,,,,,,,,,,,,,,,,,,,,,,,,,,,,,,,
Unit: In Percent,,,,,,,,,,,,,,,,,,,,,,,,,,,,,,,,,,,,,,,,,,,,,,,,,,,,,,,,,,,,,,,,,,,,,,,,,,,,,,,,,,,,,,,,,,,,,,,,,,,,,,,,,,,,,,,,,,,,,,,,,,,,,,,,,,,,,,,,,,,,,,,,,,,,,,,,
As of August 2025,,,,,,,,,,,,,,,,,,,,,,,,,,,,,,,,,,,,,,,,,,,,,,,,,,,,,,,,,,,,,,,,,,,,,,,,,,,,,,,,,,,,,,,,,,,,,,,,,,,,,,,,,,,,,,,,,,,,,,,,,,,,,,,,,,,,,,,,,,,,,,,,,,,,,,,,
,,,,,,,,,,,,,,,,,,,,,,,,,,,,,,,,,,,,,,,,,,,,,,,,,,,,,,,,,,,,,,,,,,,,,,,,,,,,,,,,,,,,,,,,,,,,,,,,,,,,,,,,,,,,,,,,,,,,,,,,,,,,,,,,,,,,,,,,,,,,,,,,,,,,,,,,
"Table 5.4 Household Final Consumption Expenditure, by Purpose",,,,,,,,,,,,,,,,,,,,,,,,,,,,,,,,,,,,,,,,,,,,,,,,,,,,,,,,,,,,,,,,,,,,,,,,,,,,,,,,,,,,,,,,,,,,,,,,,,,,,,,,,,,,,,,,,,,,,,,,,,,,,,,,,,,,,,,,,,,,,,,,,,,,,,,,
Q1 2001 to Q2 2025,,,,,,,,,,,,,,,,,,,,,,,,,,,,,,,,,,,,,,,,,,,,,,,,,,,,,,,,,,,,,,,,,,,,,,,,,,,,,,,,,,,,,,,,,,,,,,,,,,,,,,,,,,,,,,,,,,,,,,,,,,,,,,,,,,,,,,,,,,,,,,,,,,,,,,,,
"Growth Rates, at Constant 2018 Prices",,,,,,,,,,,,,,,,,,,,,,,,,,,,,,,,,,,,,,,,,,,,,,,,,,,,,,,,,,,,,,,,,,,,,,,,,,,,,,,,,,,,,,,,,,,,,,,,,,,,,,,,,,,,,,,,,,,,,,,,,,,,,,,,,,,,,,,,,,,,,,,,,,,,,,,,
,,,,,,,,,,,,,,,,,,,,,,,,,,,,,,,,,,,,,,,,,,,,,,,,,,,,,,,,,,,,,,,,,,,,,,,,,,,,,,,,,,,,,,,,,,,,,,,,,,,,,,,,,,,,,,,,,,,,,,,,,,,,,,,,,,,,,,,,,,,,,,,,,,,,,,,,
,2000 - 2001,,,,2001 - 2002,,,,2002 - 2003,,,,2003 - 2004,,,,2004 - 2005,,,,2005 - 2006,,,,2006 - 2007,,,,2007 - 2008,,,,2008 - 2009,,,,2009 - 2010,,,,2010 - 2011,,,,2011 - 2012,,,,2012 - 2013,,,,2013 - 2014,,,,2014 - 2015,,,,2015 - 2016,,,,2016 - 2017,,,,2017 - 2018,,,,2018 - 2019,,,,2019 - 2020,,,,2020 - 2021,,,,2021 - 2022,,,,2022 - 2023,,,,2023 - 2024,,,,2024 - 2025,,,,,,,,,,,,,,,,,,,,,,,,,,,,,,,,,,,,,,,,,,,,,,,,,,,,,,,
Purpose,Q1,Q2,Q3,Q4,Q1,Q2,Q3,Q4,Q1,Q2,Q3,Q4,Q1,Q2,Q3,Q4,Q1,Q2,Q3,Q4,Q1,Q2,Q3,Q4,Q1,Q2,Q3,Q4,Q1,Q2,Q3,Q4,Q1,Q2,Q3,Q4,Q1,Q2,Q3,Q4,Q1,Q2,Q3,Q4,Q1,Q2,Q3,Q4,Q1,Q2,Q3,Q4,Q1,Q2,Q3,Q4,Q1,Q2,Q3,Q4,Q1,Q2,Q3,Q4,Q1,Q2,Q3,Q4,Q1,Q2,Q3,Q4,Q1,Q2,Q3,Q4,Q1,Q2,Q3,Q4,Q1,Q2,Q3,Q4,Q1,Q2,Q3,Q4,Q1,Q2,Q3,Q4,Q1,Q2,Q3,Q4,Q1,Q2,,,,,,,,,,,,,,,,,,,,,,,,,,,,,,,,,,,,,,,,,,,,,,,,,,,,,,
,,,,,,,,,,,,,,,,,,,,,,,,,,,,,,,,,,,,,,,,,,,,,,,,,,,,,,,,,,,,,,,,,,,,,,,,,,,,,,,,,,,,,,,,,,,,,,,,,,,,,,,,,,,,,,,,,,,,,,,,,,,,,,,,,,,,,,,,,,,,,,,,,,,,,,,,
Food and non-alcoholic beverages,3.2,2.8,4.2,2.6,2.5,5.3,4.3,5.9,6.5,6.9,7.1,6.6,7.2,5.0,6.2,6.4,7.2,7.0,5.6,4.3,3.7,5.5,3.6,5.1,2.5,4.2,2.5,6.2,5.0,2.7,4.5,4.3,0.5,5.0,2.3,4.0,4.0,1.9,1.1,5.3,5.8,5.6,9.4,3.8,8.0,8.1,4.7,5.3,6.2,4.8,6.7,5.6,4.7,3.8,3.2,5.6,4.6,6.5,5.3,6.6,6.4,7.2,8.2,6.0,5.7,5.9,4.4,5.3,5.2,7.0,3.2,5.0,5.9,5.5,4.4,4.8,4.7,4.6,4.9,5.3,2.4,2.8,2.9,5.2,9.9,5.6,4.2,3.9,0.8,0.3,0.3,0.8,0.5,0.6,3.2,1.5,4.8,5.7,,,,,,,,,,,,,,,,,,,,,,,,,,,,,,,,,,,,,,,,,,,,,,,,,,,,,,
"Alcoholic beverages, tobacco",3.1,1.8,2.5,3.1,3.1,3.3,3.8,4.0,4.8,3.1,2.8,4.1,4.5,6.0,3.3,4.1,3.9,2.7,-0.6,-1.4,2.3,3.0,4.8,1.4,2.6,1.2,4.1,4.7,-1.7,4.4,5.6,14.5,-2.1,5.5,3.0,6.8,3.1,1.3,-6.2,-2.4,1.0,0.2,-3.5,8.2,4.9,6.2,6.4,6.4,-2.0,-5.5,0.8,7.3,7.2,14.3,10.1,8.8,15.4,0.7,4.0,2.7,6.4,6.4,6.8,3.8,-1.5,0.8,-7.4,-4.6,-5.7,-3.2,-5.1,-5.8,-3.7,-1.6,-1.2,-4.2,-17.8,-41.2,-23.9,-18.5,-12.2,0.8,-6.9,-10.0,7.4,3.1,-11.6,3.6,-0.5,-8.2,1.4,0.6,-1.6,4.8,3.4,3.6,7.2,-1.5,,,,,,,,,,,,,,,,,,,,,,,,,,,,,,,,,,,,,,,,,,,,,,,,,,,,,,
Clothing and footwear,1.9,2.1,2.3,2.1,4.2,4.4,4.7,3.7,2.7,1.7,-0.2,0.2,5.3,3.9,2.9,5.0,3.2,1.1,-3.4,1.9,-4.2,2.5,-0.3,3.7,6.5,1.3,1.1,0.0,4.8,3.6,6.7,2.7,0.0,5.1,0.5,-2.8,3.6,3.1,1.3,6.9,5.8,1.3,5.2,4.2,2.6,4.9,3.0,1.2,3.5,-4.8,3.3,4.6,11.1,3.4,0.6,6.1,-12.6,-4.8,4.4,5.3,-4.5,-2.3,-4.6,-1.3,6.5,-0.3,-0.8,0.6,0.7,-1.9,-0.7,0.4,4.1,5.4,2.7,3.3,0.1,-40.2,-14.0,-13.7,-14.7,46.5,27.9,8.6,8.3,5.3,-2.8,10.2,-2.9,-26.9,-9.5,-2.0,0.5,-4.6,5.2,3.1,3.9,3.9,,,,,,,,,,,,,,,,,,,,,,,,,,,,,,,,,,,,,,,,,,,,,,,,,,,,,,
"Housing, water, electricity, gas and other fuels",4.6,4.1,3.8,4.1,-2.7,1.2,1.6,1.8,7.8,6.9,5.1,4.2,3.5,2.0,2.8,4.3,5.5,9.1,9.4,7.2,4.2,4.0,0.7,4.5,5.7,5.2,7.5,3.4,5.6,2.9,3.2,4.8,6.3,0.0,-3.6,-0.4,4.2,0.7,1.6,5.9,1.8,4.0,-0.2,6.0,5.2,3.5,10.2,6.0,0.6,8.4,11.2,8.2,4.9,5.2,5.5,6.1,5.9,6.4,0.4,1.3,10.6,6.6,4.8,6.9,5.4,6.0,6.6,10.6,9.2,9.1,8.8,5.7,6.4,5.3,7.7,5.6,2.4,7.4,6.9,6.3,-0.2,6.6,3.2,2.8,5.6,7.2,1.3,4.4,3.7,6.0,4.4,4.4,7.5,6.0,3.7,3.7,2.2,0.8,,,,,,,,,,,,,,,,,,,,,,,,,,,,,,,,,,,,,,,,,,,,,,,,,,,,,,
"Furnishings, household equipment 
   and routine household maintenance",11.6,13.1,7.7,4.3,3.8,5.7,1.7,3.3,-1.1,2.0,0.7,8.2,8.6,12.8,11.1,9.5,3.9,4.1,-1.3,3.1,5.9,8.4,5.7,9.1,5.7,3.4,-3.0,-4.0,2.2,-0.4,4.7,-3.0,0.9,1.6,-3.5,1.9,2.8,2.6,3.9,6.2,5.1,8.6,5.8,6.4,2.8,2.0,7.2,1.4,4.9,-5.1,6.0,3.1,8.3,4.5,3.8,2.2,3.1,1.7,1.6,4.5,6.8,1.9,0.9,1.6,2.2,3.0,12.0,11.1,5.1,6.4,6.9,5.2,4.2,3.9,5.6,5.7,-9.4,-27.0,-10.4,-6.0,-5.8,15.6,7.7,-0.8,8.8,7.6,9.2,8.7,-2.5,-2.5,-0.4,0.6,3.0,2.3,2.8,4.5,1.2,0.4,,,,,,,,,,,,,,,,,,,,,,,,,,,,,,,,,,,,,,,,,,,,,,,,,,,,,,
Health,8.0,3.3,4.0,5.1,6.3,5.3,4.3,3.7,2.7,4.7,4.3,4.4,6.7,7.3,8.4,7.9,6.0,11.0,5.8,6.4,2.9,1.5,3.5,5.6,5.2,3.8,2.8,2.6,6.9,3.4,1.4,-2.5,-0.1,5.0,4.0,5.4,5.7,1.2,13.1,5.2,7.6,7.0,6.8,8.6,13.2,14.3,13.3,7.5,3.1,6.3,7.7,8.9,6.3,8.7,12.9,9.0,8.3,9.5,7.0,11.0,10.0,8.5,9.8,8.7,9.2,8.8,8.3,9.1,5.9,1.7,4.3,4.6,5.1,5.2,6.7,7.2,8.1,-12.8,-2.2,-2.7,7.4,15.9,16.4,17.1,1.1,-3.0,5.4,5.5,7.7,9.3,5.7,6.7,7.4,9.4,11.1,11.4,10.0,10.0,,,,,,,,,,,,,,,,,,,,,,,,,,,,,,,,,,,,,,,,,,,,,,,,,,,,,,
Transport,2.7,2.5,4.1,4.7,6.0,5.7,5.0,3.5,2.3,3.0,2.5,2.3,3.0,8.9,4.2,2.6,5.5,0.7,0.6,0.5,-0.6,0.9,1.3,4.3,6.9,6.3,5.5,6.4,7.0,4.2,-2.3,-0.2,2.9,3.3,3.3,1.4,2.1,4.0,7.4,5.7,7.6,0.0,3.1,1.9,6.0,1.6,12.2,5.2,6.7,6.8,3.3,6.7,11.0,11.4,8.3,7.9,15.3,11.9,11.1,6.8,6.9,10.5,12.5,12.0,6.9,6.7,3.0,2.1,2.8,1.6,1.4,0.6,5.6,3.2,6.6,5.3,-7.4,-60.1,-35.4,-30.7,-28.1,19.2,17.4,14.8,16.1,25.7,19.7,8.0,14.4,29.7,14.4,12.1,7.5,11.9,6.5,10.7,8.5,11.2,,,,,,,,,,,,,,,,,,,,,,,,,,,,,,,,,,,,,,,,,,,,,,,,,,,,,,
Communication,28.1,23.5,22.5,26.7,22.3,19.1,12.8,17.2,20.0,22.6,20.6,23.6,21.4,23.2,22.4,19.4,21.4,17.3,9.3,13.1,9.3,4.3,4.0,5.0,13.6,15.8,9.0,11.0,5.3,2.2,5.6,6.4,8.3,2.8,-0.4,-3.2,-1.2,2.9,1.2,0.2,1.5,2.6,3.4,2.3,8.7,9.6,10.5,10.7,8.6,7.7,6.5,4.7,5.1,-0.1,3.1,3.7,4.8,5.8,10.3,13.5,5.0,5.7,0.8,1.9,1.4,0.8,5.2,5.7,7.2,7.1,2.4,4.6,8.4,5.6,7.1,6.8,5.1,8.6,6.8,4.1,6.8,13.7,7.6,8.1,6.7,9.1,6.9,6.4,4.5,4.8,4.7,4.5,4.8,7.2,4.3,3.8,5.5,4.7,,,,,,,,,,,,,,,,,,,,,,,,,,,,,,,,,,,,,,,,,,,,,,,,,,,,,,
Recreation and culture,3.9,0.9,5.2,3.6,2.8,3.8,4.6,6.2,10.2,9.7,5.7,7.5,11.5,10.6,8.2,8.7,5.8,2.1,0.5,-0.1,6.2,0.5,2.4,12.4,4.4,14.4,12.5,11.8,10.7,8.2,-1.9,-1.0,-3.7,0.5,2.5,5.6,4.8,0.7,-4.1,15.8,-3.7,2.6,7.9,9.3,15.8,5.8,10.0,7.2,7.4,9.1,3.7,4.3,8.9,0.9,1.3,8.3,11.2,15.3,3.8,8.3,8.8,14.5,4.6,1.9,-0.8,-1.7,0.9,5.2,4.2,5.4,4.6,4.2,7.5,7.2,7.0,7.0,-5.8,-66.8,-53.2,-48.9,-34.5,14.1,21.7,39.5,16.5,36.5,46.1,15.8,27.9,20.8,15.3,7.5,9.6,16.7,3.1,9.1,9.2,6.6,,,,,,,,,,,,,,,,,,,,,,,,,,,,,,,,,,,,,,,,,,,,,,,,,,,,,,
Education,1.4,1.4,4.0,4.5,2.4,3.1,4.5,3.4,2.3,1.2,3.1,3.9,4.2,3.9,5.8,7.3,-0.5,3.6,4.6,6.0,7.5,4.8,5.0,3.4,3.2,1.8,4.9,4.8,7.7,8.1,8.0,6.8,2.9,1.8,3.0,3.9,6.0,-0.1,2.6,2.2,4.4,5.7,5.4,7.0,2.4,3.5,3.1,1.5,6.7,3.5,6.3,4.6,9.4,6.4,8.4,7.4,4.0,1.1,3.3,1.3,3.9,8.5,7.6,7.0,9.2,6.6,10.9,5.3,6.9,8.0,20.1,19.6,11.7,14.4,3.6,4.1,1.4,-14.6,-15.9,-14.3,1.5,11.0,14.4,9.0,11.5,7.4,5.4,9.9,6.2,6.2,5.7,7.7,5.1,1.0,3.6,6.1,6.7,9.7,,,,,,,,,,,,,,,,,,,,,,,,,,,,,,,,,,,,,,,,,,,,,,,,,,,,,,
Restaurants and hotels,5.2,3.2,3.8,3.7,5.1,5.2,7.1,8.4,2.9,-0.9,1.6,6.2,7.5,9.6,9.7,8.5,5.3,2.7,0.0,2.7,4.6,4.4,2.1,6.4,11.9,10.5,13.6,4.4,4.0,2.0,0.8,3.7,4.2,5.6,3.4,1.7,3.6,4.0,6.1,8.1,4.2,8.0,9.2,9.0,10.5,6.7,6.2,6.3,7.9,7.0,5.6,5.8,6.9,9.9,8.7,1.3,8.9,7.8,11.6,11.8,9.4,8.8,5.8,8.2,7.6,11.1,10.0,12.2,9.3,6.4,5.8,7.6,6.2,5.1,7.0,8.0,-14.3,-65.7,-52.2,-43.2,-18.3,21.7,12.5,21.8,20.2,33.6,39.6,25.0,24.1,22.9,15.3,15.3,11.9,11.1,10.0,5.6,6.2,7.4,,,,,,,,,,,,,,,,,,,,,,,,,,,,,,,,,,,,,,,,,,,,,,,,,,,,,,
Miscellaneous goods and services,6.0,-13.9,5.9,15.3,7.6,21.7,23.0,-1.2,18.6,2.0,1.4,5.3,8.4,-11.3,2.9,9.0,-2.4,9.8,0.5,-1.6,3.5,15.5,9.9,-1.7,-3.9,1.2,1.0,10.8,5.8,1.0,6.9,3.0,1.9,9.7,-4.1,5.1,8.9,2.5,3.0,3.7,5.1,7.7,12.1,11.8,7.5,12.8,5.5,13.9,8.2,8.1,6.9,5.8,6.2,5.0,3.1,4.2,2.4,5.7,10.3,9.3,8.1,7.5,8.2,8.5,7.8,7.3,6.6,7.3,7.4,9.9,10.5,7.8,7.6,7.1,9.7,9.0,7.8,-1.4,1.7,-1.6,-0.2,3.4,6.5,6.8,8.3,6.9,8.1,6.7,8.8,5.3,8.3,10.4,5.4,7.7,7.1,7.6,4.3,4.3,,,,,,,,,,,,,,,,,,,,,,,,,,,,,,,,,,,,,,,,,,,,,,,,,,,,,,
,,,,,,,,,,,,,,,,,,,,,,,,,,,,,,,,,,,,,,,,,,,,,,,,,,,,,,,,,,,,,,,,,,,,,,,,,,,,,,,,,,,,,,,,,,,,,,,,,,,,,,,,,,,,,,,,,,,,,,,,,,,,,,,,,,,,,,,,,,,,,,,,,,,,,,,,
Household Final Consumption Expenditure ,4.4,1.6,4.5,5.2,3.6,6.3,6.3,4.3,6.8,4.8,4.5,5.6,6.6,4.5,5.8,6.7,4.9,6.0,3.6,3.3,3.5,5.2,3.6,4.3,4.0,4.9,4.4,5.8,5.3,3.0,3.7,3.6,2.1,4.2,0.8,2.9,4.2,2.1,2.6,5.1,4.8,4.8,6.7,5.8,7.3,6.8,6.9,6.4,5.7,5.2,6.5,6.0,6.5,5.8,5.2,5.5,6.1,6.5,6.3,6.7,7.2,7.5,7.3,6.7,6.0,6.0,5.5,6.3,5.8,6.2,5.5,5.5,6.2,5.6,6.0,5.7,0.2,-15.3,-9.2,-7.3,-4.8,7.3,7.1,7.5,10.0,8.5,8.0,7.0,6.3,5.4,5.1,5.3,4.7,4.8,5.2,4.7,5.3,5.5,,,,,,,,,,,,,,,,,,,,,,,,,,,,,,,,,,,,,,,,,,,,,,,,,,,,,,
,,,,,,,,,,,,,,,,,,,,,,,,,,,,,,,,,,,,,,,,,,,,,,,,,,,,,,,,,,,,,,,,,,,,,,,,,,,,,,,,,,,,,,,,,,,,,,,,,,,,,,,,,,,,,,,,,,,,,,,,,,,,,,,,,,,,,,,,,,,,,,,,,,,,,,,,
Source: Philippine Statistics Authority,,,,,,,,,,,,,,,,,,,,,,,,,,,,,,,,,,,,,,,,,,,,,,,,,,,,,,,,,,,,,,,,,,,,,,,,,,,,,,,,,,,,,,,,,,,,,,,,,,,,,,,,,,,,,,,,,,,,,,,,,,,,,,,,,,,,,,,,,,,,,,,,,,,,,,,,
,,,,,,,,,,,,,,,,,,,,,,,,,,,,,,,,,,,,,,,,,,,,,,,,,,,,,,,,,,,,,,,,,,,,,,,,,,,,,,,,,,,,,,,,,,,,,,,,,,,,,,,,,,,,,,,,,,,,,,,,,,,,,,,,,,,,,,,,,,,,,,,,,,,,,,,,
,,,,,,,,,,,,,,,,,,,,,,,,,,,,,,,,,,,,,,,,,,,,,,,,,,,,,,,,,,,,,,,,,,,,,,,,,,,,,,,,,,,,,,,,,,,,,,,,,,,,,,,,,,,,,,,,,,,,,,,,,,,,,,,,,,,,,,,,,,,,,,,,,,,,,,,,
National Accounts of the Philippines,,,,,,,,,,,,,,,,,,,,,,,,,,,,,,,,,,,,,,,,,,,,,,,,,,,,,,,,,,,,,,,,,,,,,,,,,,,,,,,,,,,,,,,,,,,,,,,,,,,,,,,,,,,,,,,,,,,,,,,,,,,,,,,,,,,,,,,,,,,,,,,,,,,,,,,,
As of August 2025,,,,,,,,,,,,,,,,,,,,,,,,,,,,,,,,,,,,,,,,,,,,,,,,,,,,,,,,,,,,,,,,,,,,,,,,,,,,,,,,,,,,,,,,,,,,,,,,,,,,,,,,,,,,,,,,,,,,,,,,,,,,,,,,,,,,,,,,,,,,,,,,,,,,,,,,
,,,,,,,,,,,,,,,,,,,,,,,,,,,,,,,,,,,,,,,,,,,,,,,,,,,,,,,,,,,,,,,,,,,,,,,,,,,,,,,,,,,,,,,,,,,,,,,,,,,,,,,,,,,,,,,,,,,,,,,,,,,,,,,,,,,,,,,,,,,,,,,,,,,,,,,,
"Table 5.5 Household Final Consumption Expenditure, by Purpose",,,,,,,,,,,,,,,,,,,,,,,,,,,,,,,,,,,,,,,,,,,,,,,,,,,,,,,,,,,,,,,,,,,,,,,,,,,,,,,,,,,,,,,,,,,,,,,,,,,,,,,,,,,,,,,,,,,,,,,,,,,,,,,,,,,,,,,,,,,,,,,,,,,,,,,,
Q1 2000 to Q2 2025,,,,,,,,,,,,,,,,,,,,,,,,,,,,,,,,,,,,,,,,,,,,,,,,,,,,,,,,,,,,,,,,,,,,,,,,,,,,,,,,,,,,,,,,,,,,,,,,,,,,,,,,,,,,,,,,,,,,,,,,,,,,,,,,,,,,,,,,,,,,,,,,,,,,,,,,
Implicit Price Index,,,,,,,,,,,,,,,,,,,,,,,,,,,,,,,,,,,,,,,,,,,,,,,,,,,,,,,,,,,,,,,,,,,,,,,,,,,,,,,,,,,,,,,,,,,,,,,,,,,,,,,,,,,,,,,,,,,,,,,,,,,,,,,,,,,,,,,,,,,,,,,,,,,,,,,,
,,,,,,,,,,,,,,,,,,,,,,,,,,,,,,,,,,,,,,,,,,,,,,,,,,,,,,,,,,,,,,,,,,,,,,,,,,,,,,,,,,,,,,,,,,,,,,,,,,,,,,,,,,,,,,,,,,,,,,,,,,,,,,,,,,,,,,,,,,,,,,,,,,,,,,,,
,2000,,,,2001,,,,2002,,,,2003,,,,2004,,,,2005,,,,2006,,,,2007,,,,2008,,,,2009,,,,2010,,,,2011,,,,2012,,,,2013,,,,2014,,,,2015,,,,2016,,,,2017,,,,2018,,,,2019,,,,2020,,,,2021,,,,2022,,,,2023,,,,2024,,,,2025,,,,,,,,,,,,,,,,,,,,,,,,,,,,,,,,,,,,,,,,,,,,,,,,,,,
Purpose,Q1,Q2,Q3,Q4,Q1,Q2,Q3,Q4,Q1,Q2,Q3,Q4,Q1,Q2,Q3,Q4,Q1,Q2,Q3,Q4,Q1,Q2,Q3,Q4,Q1,Q2,Q3,Q4,Q1,Q2,Q3,Q4,Q1,Q2,Q3,Q4,Q1,Q2,Q3,Q4,Q1,Q2,Q3,Q4,Q1,Q2,Q3,Q4,Q1,Q2,Q3,Q4,Q1,Q2,Q3,Q4,Q1,Q2,Q3,Q4,Q1,Q2,Q3,Q4,Q1,Q2,Q3,Q4,Q1,Q2,Q3,Q4,Q1,Q2,Q3,Q4,Q1,Q2,Q3,Q4,Q1,Q2,Q3,Q4,Q1,Q2,Q3,Q4,Q1,Q2,Q3,Q4,Q1,Q2,Q3,Q4,Q1,Q2,Q3,Q4,Q1,Q2,,,,,,,,,,,,,,,,,,,,,,,,,,,,,,,,,,,,,,,,,,,,,,,,,,
,,,,,,,,,,,,,,,,,,,,,,,,,,,,,,,,,,,,,,,,,,,,,,,,,,,,,,,,,,,,,,,,,,,,,,,,,,,,,,,,,,,,,,,,,,,,,,,,,,,,,,,,,,,,,,,,,,,,,,,,,,,,,,,,,,,,,,,,,,,,,,,,,,,,,,,,
Food and non-alcoholic beverages,48.2,48.3,47.3,47.9,49.8,50.3,49.6,49.6,51.4,52.0,51.2,51.1,53.1,52.1,53.1,51.5,55.1,56.7,56.2,55.6,57.9,59.0,58.9,58.8,61.3,61.4,61.7,61.0,63.8,62.8,64.5,63.3,68.2,72.7,76.2,72.6,75.1,74.8,76.6,73.2,77.9,77.7,78.1,75.4,81.9,84.3,80.8,82.4,84.8,84.6,83.4,85.1,84.6,86.2,85.0,87.9,86.2,88.5,89.0,90.1,87.7,89.8,89.3,90.4,88.4,90.3,91.3,92.7,92.0,93.3,94.3,94.5,96.5,98.6,102.5,101.8,100.7,101.1,102.5,101.5,102.3,104.2,104.4,104.6,108.2,109.0,110.6,108.9,110.1,115.2,118.4,119.6,121.4,123.7,127.4,126.8,126.9,131.1,132.3,131.0,130.6,132.1,,,,,,,,,,,,,,,,,,,,,,,,,,,,,,,,,,,,,,,,,,,,,,,,,,
"Alcoholic beverages, tobacco",39.6,39.0,40.3,42.7,41.5,41.0,42.7,45.0,43.2,42.5,43.9,46.0,44.1,43.3,44.9,46.9,44.9,44.5,46.1,48.4,47.0,47.2,49.2,51.7,49.7,49.3,51.1,53.6,51.4,50.6,52.5,54.8,52.7,52.9,55.2,57.5,55.6,53.8,56.8,57.2,57.5,56.2,63.4,60.0,59.9,59.4,65.4,60.4,62.6,62.0,65.7,63.1,66.4,68.8,73.1,66.7,67.8,71.8,75.9,70.9,70.7,74.5,78.6,72.8,72.4,78.6,83.6,78.3,76.9,83.7,88.7,83.2,89.1,100.6,108.1,101.3,100.4,109.7,119.4,118.2,118.9,129.7,139.2,132.4,133.2,144.8,153.5,142.8,139.9,155.4,167.7,157.9,155.9,174.3,183.7,168.1,168.1,181.9,189.7,173.3,174.1,188.8,,,,,,,,,,,,,,,,,,,,,,,,,,,,,,,,,,,,,,,,,,,,,,,,,,
Clothing and footwear,57.9,58.2,58.5,59.4,59.9,60.6,60.8,61.4,61.8,62.4,62.7,63.4,63.7,64.3,64.9,65.2,65.4,66.3,66.5,67.0,67.8,68.6,68.8,69.1,69.6,70.4,70.6,70.9,71.6,72.0,72.2,72.1,73.9,75.3,75.8,75.7,76.1,75.6,77.5,77.0,77.1,78.7,79.0,77.4,78.8,80.7,81.5,79.5,81.5,84.1,85.4,83.0,87.3,93.4,87.8,85.6,90.5,96.9,89.2,90.2,93.7,99.4,91.1,91.7,95.3,101.8,93.7,94.6,98.1,104.4,95.4,96.1,97.4,106.4,98.0,98.6,99.5,108.5,100.1,100.6,102.2,111.2,102.0,102.3,103.8,113.1,103.9,104.2,105.8,116.0,106.7,107.9,110.8,121.9,111.6,112.7,114.9,126.1,115.0,115.5,117.3,128.1,,,,,,,,,,,,,,,,,,,,,,,,,,,,,,,,,,,,,,,,,,,,,,,,,,
"Housing, water, electricity, gas and other fuels",45.9,45.2,46.5,49.0,50.1,50.1,51.3,53.0,54.3,52.8,53.4,54.8,56.2,54.2,55.8,57.3,56.9,56.4,58.1,61.8,62.1,61.8,62.9,65.6,66.8,64.3,67.7,68.9,70.8,71.2,73.9,75.0,73.7,74.4,75.9,76.4,72.9,73.6,76.4,79.4,77.7,81.5,85.1,86.9,83.8,87.0,93.4,88.9,87.5,90.1,95.1,91.3,93.8,91.2,95.4,93.3,96.9,94.3,98.1,95.5,95.0,93.2,96.2,94.2,88.3,92.3,96.7,95.3,91.0,95.5,99.4,98.9,93.5,98.6,104.8,103.2,96.7,101.2,106.0,103.7,98.4,101.5,106.9,104.5,99.2,103.4,110.3,109.3,104.3,110.3,118.8,117.1,112.9,117.1,122.5,119.7,113.7,117.7,126.4,122.6,115.8,121.0,,,,,,,,,,,,,,,,,,,,,,,,,,,,,,,,,,,,,,,,,,,,,,,,,,
"Furnishings, household equipment 
   and routine household maintenance",69.9,68.9,70.4,71.3,71.8,71.5,73.0,73.2,73.4,72.8,74.2,74.5,74.8,74.1,75.8,75.7,75.8,75.5,76.9,77.3,77.4,76.9,78.4,78.6,78.5,78.0,79.3,79.7,79.6,78.7,80.4,80.4,81.0,80.7,82.3,82.5,82.4,82.0,83.2,83.3,83.3,82.3,83.4,83.9,84.3,83.6,84.7,86.7,85.9,85.8,88.1,88.9,89.6,88.7,90.2,91.0,91.2,91.2,93.0,93.5,93.5,93.1,94.4,94.5,94.8,94.7,96.7,93.9,97.2,97.1,98.3,95.4,99.6,99.7,101.9,99.0,103.0,102.4,104.3,101.1,106.7,106.6,108.3,104.7,109.2,109.1,110.9,107.2,111.9,112.0,114.7,111.8,118.4,118.9,119.0,117.3,122.5,122.4,122.2,120.3,125.4,125.0,,,,,,,,,,,,,,,,,,,,,,,,,,,,,,,,,,,,,,,,,,,,,,,,,,
Health,42.9,43.5,45.6,45.6,46.6,47.6,49.9,49.5,49.8,50.4,53.0,52.8,54.1,54.4,57.0,56.0,56.2,56.8,59.9,59.4,59.2,60.1,63.6,63.2,63.1,63.9,67.3,67.3,67.0,67.0,70.1,69.7,70.6,72.2,76.1,75.8,75.3,76.9,75.5,78.7,78.4,78.4,82.0,80.9,80.7,81.1,84.5,83.5,82.8,83.1,86.9,85.5,85.3,86.8,92.1,89.6,87.7,88.3,92.4,92.5,90.4,90.3,93.8,93.6,91.5,92.5,96.5,96.4,94.1,95.0,98.7,98.4,96.2,97.4,102.8,102.8,99.9,100.5,105.4,105.1,102.8,103.4,108.4,107.8,105.7,106.5,111.7,111.2,108.6,109.2,114.5,114.3,112.7,113.6,119.0,118.7,116.3,116.9,122.1,121.7,119.0,119.8,,,,,,,,,,,,,,,,,,,,,,,,,,,,,,,,,,,,,,,,,,,,,,,,,,
Transport,37.8,38.0,38.6,43.2,45.4,45.9,45.7,45.4,46.2,46.6,46.2,46.1,47.5,46.5,47.1,47.7,49.2,55.1,55.1,56.6,57.4,67.2,66.2,68.6,71.1,72.7,74.7,71.3,72.3,72.5,74.6,71.1,73.7,75.4,83.6,78.1,78.6,76.9,87.4,80.8,81.7,80.6,89.3,80.8,84.0,85.0,94.3,85.6,88.4,86.3,94.6,86.7,90.2,86.0,95.4,87.5,91.2,87.5,97.5,88.4,90.9,87.5,96.9,88.6,91.1,87.6,97.2,89.9,93.6,90.2,100.4,92.0,98.3,95.5,108.5,98.6,100.3,97.9,107.8,97.3,101.3,94.7,115.3,105.1,112.4,108.6,122.7,112.8,122.1,124.8,142.0,126.5,132.4,124.4,140.4,126.7,133.7,128.2,140.9,125.7,133.7,125.6,,,,,,,,,,,,,,,,,,,,,,,,,,,,,,,,,,,,,,,,,,,,,,,,,,
Communication,93.3,93.4,96.4,96.5,99.3,96.9,96.2,95.9,99.4,98.8,97.1,95.9,97.3,96.8,94.9,93.4,96.3,95.9,94.3,92.8,95.6,95.8,94.8,93.2,95.5,97.5,97.6,94.7,95.3,98.3,98.5,96.7,96.8,99.0,98.3,96.4,96.0,98.5,98.3,96.0,99.5,98.3,98.0,95.8,100.0,98.8,98.2,96.0,100.2,98.1,98.1,96.0,100.1,98.1,98.0,96.1,102.5,100.1,98.4,96.3,102.8,99.9,98.2,96.0,102.7,100.2,98.5,96.3,103.1,100.7,98.6,96.4,103.4,100.8,99.3,96.9,103.6,100.8,99.2,96.6,104.0,101.2,99.5,96.9,104.2,101.4,99.8,97.2,104.9,102.1,100.2,97.8,105.7,102.8,100.9,98.4,106.1,103.3,101.4,98.6,106.4,103.6,,,,,,,,,,,,,,,,,,,,,,,,,,,,,,,,,,,,,,,,,,,,,,,,,,
Recreation and culture,66.1,65.1,64.2,67.5,67.6,68.0,66.1,69.5,68.8,68.9,68.0,70.6,69.4,70.4,70.2,72.6,72.1,72.0,71.4,74.7,73.5,75.3,75.1,78.8,76.8,77.8,77.4,81.1,79.3,78.9,78.7,82.4,81.3,81.2,82.7,86.5,85.2,81.9,84.6,88.0,86.6,86.5,91.8,88.7,87.9,87.9,92.9,89.6,89.8,89.0,89.6,91.3,91.1,90.7,91.5,93.4,93.5,92.8,93.2,95.8,94.9,93.8,94.0,96.3,95.8,95.3,95.9,98.3,97.7,96.9,97.0,99.7,99.1,98.0,99.3,102.8,102.0,100.7,100.8,103.5,103.5,102.1,101.0,102.9,102.8,101.4,101.2,103.9,104.4,103.2,103.7,107.4,109.0,108.2,106.8,112.4,113.3,112.0,110.2,115.2,115.9,114.5,,,,,,,,,,,,,,,,,,,,,,,,,,,,,,,,,,,,,,,,,,,,,,,,,,
Education,38.0,39.3,40.8,40.1,42.5,43.4,45.1,43.8,46.0,47.2,49.1,47.8,50.1,51.0,53.0,51.5,54.0,55.5,57.8,55.9,58.9,59.7,60.7,58.5,61.6,62.7,64.0,61.9,65.3,66.2,69.2,66.7,70.5,72.0,74.1,71.4,75.5,76.0,74.4,73.8,77.9,78.7,79.9,76.6,81.3,82.5,84.1,79.7,85.0,85.8,87.6,82.8,88.1,89.3,91.5,86.2,87.7,91.4,96.5,90.6,95.1,98.2,99.8,93.6,98.4,101.3,101.8,95.4,100.4,103.6,104.0,97.4,102.2,105.9,100.2,93.6,98.1,101.2,104.1,97.3,102.6,104.9,104.6,98.4,103.8,106.0,105.7,99.0,104.3,106.6,108.8,102.6,108.1,110.5,112.5,106.2,112.2,114.6,118.5,110.9,117.0,119.9,,,,,,,,,,,,,,,,,,,,,,,,,,,,,,,,,,,,,,,,,,,,,,,,,,
Restaurants and hotels,55.4,55.7,56.3,57.0,57.6,58.1,59.5,60.0,59.7,60.2,60.9,61.3,61.1,60.9,63.3,62.9,63.9,63.6,65.6,65.5,66.5,67.0,69.2,69.2,72.3,70.1,74.7,70.7,71.8,71.1,74.3,74.1,75.6,78.0,83.4,82.2,79.2,77.1,82.7,81.7,80.5,80.4,84.7,83.6,84.6,82.7,87.2,86.0,87.0,84.7,89.7,88.0,90.6,86.6,91.6,89.9,92.5,88.4,93.4,91.0,93.1,89.3,94.3,91.5,94.5,91.3,97.0,94.2,96.6,93.0,99.0,96.7,99.1,96.1,103.7,100.8,102.8,98.9,106.4,102.9,105.4,101.2,108.8,105.4,108.7,105.5,113.6,109.2,111.9,108.5,118.7,116.2,120.8,117.6,125.4,123.0,127.4,123.8,131.2,127.8,130.0,126.4,,,,,,,,,,,,,,,,,,,,,,,,,,,,,,,,,,,,,,,,,,,,,,,,,,
Miscellaneous goods and services,50.3,53.2,59.7,55.2,55.8,56.0,57.7,57.1,56.5,54.4,58.5,56.0,58.3,63.7,58.5,62.3,62.4,63.4,67.4,70.6,70.7,71.3,71.1,72.2,70.6,77.5,71.6,77.6,74.2,77.5,71.6,78.4,80.9,91.3,82.2,87.6,82.5,88.3,78.7,80.8,83.6,90.0,84.3,80.5,89.8,97.3,83.8,83.9,93.4,94.6,87.8,87.8,94.6,95.7,86.6,87.5,95.3,98.4,89.1,90.0,97.7,99.2,89.9,90.6,99.2,100.9,92.0,93.1,101.5,103.0,93.8,94.6,103.2,104.7,96.1,97.1,105.6,106.8,98.0,98.7,108.1,109.2,100.2,100.8,111.5,112.6,102.2,102.8,114.4,116.3,107.1,107.4,120.4,122.9,109.2,110.0,124.9,127.0,112.5,113.1,128.2,129.2,,,,,,,,,,,,,,,,,,,,,,,,,,,,,,,,,,,,,,,,,,,,,,,,,,
,,,,,,,,,,,,,,,,,,,,,,,,,,,,,,,,,,,,,,,,,,,,,,,,,,,,,,,,,,,,,,,,,,,,,,,,,,,,,,,,,,,,,,,,,,,,,,,,,,,,,,,,,,,,,,,,,,,,,,,,,,,,,,,,,,,,,,,,,,,,,,,,,,,,,,,,
Household Final Consumption Expenditure ,48.5,48.7,49.9,50.7,52.1,52.3,52.9,53.3,54.1,54.0,54.6,54.6,56.0,55.8,56.4,56.6,58.4,59.5,60.5,61.4,62.7,64.1,64.5,65.2,66.9,67.3,68.0,68.0,69.4,69.3,70.3,70.3,73.1,76.1,78.2,77.0,77.1,77.0,78.5,77.2,79.7,80.3,82.1,79.3,83.6,85.3,85.1,83.6,86.6,86.4,87.5,86.2,88.7,88.3,89.1,88.2,90.3,90.5,92.0,90.4,91.6,91.6,92.4,90.9,91.7,92.5,94.2,93.0,94.5,95.1,96.8,95.1,98.0,99.3,102.5,100.2,101.0,101.6,103.8,101.3,103.3,104.3,105.9,104.2,107.6,108.5,110.4,107.9,111.0,114.2,117.8,115.9,119.6,120.7,123.1,120.6,123.7,125.4,126.9,123.8,126.6,127.0,,,,,,,,,,,,,,,,,,,,,,,,,,,,,,,,,,,,,,,,,,,,,,,,,,
,,,,,,,,,,,,,,,,,,,,,,,,,,,,,,,,,,,,,,,,,,,,,,,,,,,,,,,,,,,,,,,,,,,,,,,,,,,,,,,,,,,,,,,,,,,,,,,,,,,,,,,,,,,,,,,,,,,,,,,,,,,,,,,,,,,,,,,,,,,,,,,,,,,,,,,,
Source: Philippine Statistics Authority,,,,,,,,,,,,,,,,,,,,,,,,,,,,,,,,,,,,,,,,,,,,,,,,,,,,,,,,,,,,,,,,,,,,,,,,,,,,,,,,,,,,,,,,,,,,,,,,,,,,,,,,,,,,,,,,,,,,,,,,,,,,,,,,,,,,,,,,,,,,,,,,,,,,,,,,
,,,,,,,,,,,,,,,,,,,,,,,,,,,,,,,,,,,,,,,,,,,,,,,,,,,,,,,,,,,,,,,,,,,,,,,,,,,,,,,,,,,,,,,,,,,,,,,,,,,,,,,,,,,,,,,,,,,,,,,,,,,,,,,,,,,,,,,,,,,,,,,,,,,,,,,,
,,,,,,,,,,,,,,,,,,,,,,,,,,,,,,,,,,,,,,,,,,,,,,,,,,,,,,,,,,,,,,,,,,,,,,,,,,,,,,,,,,,,,,,,,,,,,,,,,,,,,,,,,,,,,,,,,,,,,,,,,,,,,,,,,,,,,,,,,,,,,,,,,,,,,,,,
National Accounts of the Philippines,,,,,,,,,,,,,,,,,,,,,,,,,,,,,,,,,,,,,,,,,,,,,,,,,,,,,,,,,,,,,,,,,,,,,,,,,,,,,,,,,,,,,,,,,,,,,,,,,,,,,,,,,,,,,,,,,,,,,,,,,,,,,,,,,,,,,,,,,,,,,,,,,,,,,,,,
Unit: In Percent,,,,,,,,,,,,,,,,,,,,,,,,,,,,,,,,,,,,,,,,,,,,,,,,,,,,,,,,,,,,,,,,,,,,,,,,,,,,,,,,,,,,,,,,,,,,,,,,,,,,,,,,,,,,,,,,,,,,,,,,,,,,,,,,,,,,,,,,,,,,,,,,,,,,,,,,
As of August 2025,,,,,,,,,,,,,,,,,,,,,,,,,,,,,,,,,,,,,,,,,,,,,,,,,,,,,,,,,,,,,,,,,,,,,,,,,,,,,,,,,,,,,,,,,,,,,,,,,,,,,,,,,,,,,,,,,,,,,,,,,,,,,,,,,,,,,,,,,,,,,,,,,,,,,,,,
,,,,,,,,,,,,,,,,,,,,,,,,,,,,,,,,,,,,,,,,,,,,,,,,,,,,,,,,,,,,,,,,,,,,,,,,,,,,,,,,,,,,,,,,,,,,,,,,,,,,,,,,,,,,,,,,,,,,,,,,,,,,,,,,,,,,,,,,,,,,,,,,,,,,,,,,
"Table 5.6 Household Final Consumption Expenditure, by Purpose",,,,,,,,,,,,,,,,,,,,,,,,,,,,,,,,,,,,,,,,,,,,,,,,,,,,,,,,,,,,,,,,,,,,,,,,,,,,,,,,,,,,,,,,,,,,,,,,,,,,,,,,,,,,,,,,,,,,,,,,,,,,,,,,,,,,,,,,,,,,,,,,,,,,,,,,
Q1 2000 to Q2 2025,,,,,,,,,,,,,,,,,,,,,,,,,,,,,,,,,,,,,,,,,,,,,,,,,,,,,,,,,,,,,,,,,,,,,,,,,,,,,,,,,,,,,,,,,,,,,,,,,,,,,,,,,,,,,,,,,,,,,,,,,,,,,,,,,,,,,,,,,,,,,,,,,,,,,,,,
"Percent Share, at Current Prices",,,,,,,,,,,,,,,,,,,,,,,,,,,,,,,,,,,,,,,,,,,,,,,,,,,,,,,,,,,,,,,,,,,,,,,,,,,,,,,,,,,,,,,,,,,,,,,,,,,,,,,,,,,,,,,,,,,,,,,,,,,,,,,,,,,,,,,,,,,,,,,,,,,,,,,,
,,,,,,,,,,,,,,,,,,,,,,,,,,,,,,,,,,,,,,,,,,,,,,,,,,,,,,,,,,,,,,,,,,,,,,,,,,,,,,,,,,,,,,,,,,,,,,,,,,,,,,,,,,,,,,,,,,,,,,,,,,,,,,,,,,,,,,,,,,,,,,,,,,,,,,,,
,2000,,,,2001,,,,2002,,,,2003,,,,2004,,,,2005,,,,2006,,,,2007,,,,2008,,,,2009,,,,2010,,,,2011,,,,2012,,,,2013,,,,2014,,,,2015,,,,2016,,,,2017,,,,2018,,,,2019,,,,2020,,,,2021,,,,2022,,,,2023,,,,2024,,,,2025,,,,,,,,,,,,,,,,,,,,,,,,,,,,,,,,,,,,,,,,,,,,,,,,,,,
Purpose,Q1,Q2,Q3,Q4,Q1,Q2,Q3,Q4,Q1,Q2,Q3,Q4,Q1,Q2,Q3,Q4,Q1,Q2,Q3,Q4,Q1,Q2,Q3,Q4,Q1,Q2,Q3,Q4,Q1,Q2,Q3,Q4,Q1,Q2,Q3,Q4,Q1,Q2,Q3,Q4,Q1,Q2,Q3,Q4,Q1,Q2,Q3,Q4,Q1,Q2,Q3,Q4,Q1,Q2,Q3,Q4,Q1,Q2,Q3,Q4,Q1,Q2,Q3,Q4,Q1,Q2,Q3,Q4,Q1,Q2,Q3,Q4,Q1,Q2,Q3,Q4,Q1,Q2,Q3,Q4,Q1,Q2,Q3,Q4,Q1,Q2,Q3,Q4,Q1,Q2,Q3,Q4,Q1,Q2,Q3,Q4,Q1,Q2,Q3,Q4,Q1,Q2,,,,,,,,,,,,,,,,,,,,,,,,,,,,,,,,,,,,,,,,,,,,,,,,,,
,,,,,,,,,,,,,,,,,,,,,,,,,,,,,,,,,,,,,,,,,,,,,,,,,,,,,,,,,,,,,,,,,,,,,,,,,,,,,,,,,,,,,,,,,,,,,,,,,,,,,,,,,,,,,,,,,,,,,,,,,,,,,,,,,,,,,,,,,,,,,,,,,,,,,,,,
Food and non-alcoholic beverages,34.0,33.3,32.6,34.5,32.3,32.7,32.1,33.2,31.7,32.4,31.4,33.9,31.6,32.1,32.4,33.3,31.7,32.9,32.1,33.0,31.7,32.0,32.2,33.2,31.5,31.8,32.0,33.3,31.2,31.4,31.7,33.5,31.5,33.0,33.9,35.4,32.4,33.8,34.5,36.0,32.4,33.6,33.1,36.1,32.8,34.6,33.9,36.7,33.0,34.7,33.3,36.4,32.4,34.4,33.4,36.6,31.8,33.8,33.2,36.6,31.5,33.9,32.9,36.5,31.4,33.7,33.3,36.4,31.6,33.8,33.1,35.9,31.9,34.5,33.2,36.5,32.1,34.5,32.3,35.7,33.4,42.8,37.2,40.6,36.4,41.3,36.4,40.0,35.9,40.3,35.2,39.7,34.8,39.0,34.6,38.7,33.7,38.2,34.2,37.7,33.8,38.0,,,,,,,,,,,,,,,,,,,,,,,,,,,,,,,,,,,,,,,,,,,,,,,,,,
"Alcoholic beverages, tobacco",2.8,2.9,3.1,2.9,2.7,2.9,3.1,2.9,2.7,2.8,3.0,2.9,2.6,2.7,2.9,2.8,2.5,2.7,2.7,2.6,2.4,2.5,2.6,2.5,2.4,2.5,2.6,2.4,2.3,2.4,2.6,2.3,2.1,2.3,2.5,2.5,2.0,2.3,2.6,2.5,2.0,2.3,2.5,2.4,1.9,2.2,2.3,2.4,1.9,2.3,2.2,2.4,1.8,2.2,2.3,2.5,1.8,2.4,2.4,2.7,2.0,2.3,2.4,2.6,2.1,2.4,2.5,2.7,2.0,2.4,2.3,2.5,2.0,2.5,2.4,2.6,2.0,2.5,2.4,2.7,1.9,2.0,2.3,2.6,1.8,2.0,2.1,2.2,1.8,1.9,1.8,2.2,1.8,1.8,1.8,2.2,1.7,1.8,1.8,2.2,1.8,1.7,,,,,,,,,,,,,,,,,,,,,,,,,,,,,,,,,,,,,,,,,,,,,,,,,,
Clothing and footwear,3.7,4.1,4.1,3.9,3.5,4.0,4.0,3.7,3.5,3.9,3.9,3.7,3.4,3.8,3.7,3.5,3.3,3.6,3.5,3.3,3.1,3.3,3.2,3.1,2.8,3.2,3.0,3.1,2.8,3.0,2.8,2.9,2.7,2.9,2.7,2.7,2.6,2.9,2.8,2.6,2.5,2.9,2.7,2.6,2.5,2.7,2.6,2.5,2.4,2.8,2.6,2.4,2.5,2.7,2.5,2.4,2.6,2.7,2.4,2.5,2.2,2.4,2.4,2.5,2.0,2.2,2.1,2.3,2.0,2.1,2.0,2.2,1.8,1.9,1.8,2.0,1.8,1.9,1.8,2.0,1.8,1.3,1.7,1.8,1.5,1.8,2.0,1.8,1.5,1.7,1.7,1.8,1.3,1.2,1.5,1.7,1.3,1.1,1.5,1.6,1.3,1.0,,,,,,,,,,,,,,,,,,,,,,,,,,,,,,,,,,,,,,,,,,,,,,,,,,
"Housing, water, electricity, gas and other fuels",12.1,12.2,12.1,10.5,12.3,12.9,12.5,10.7,12.0,12.6,12.0,10.6,12.1,12.7,12.2,10.5,11.5,12.2,11.5,10.2,11.7,12.7,12.4,10.6,11.9,12.5,12.3,10.7,12.3,13.4,13.3,11.0,12.2,12.8,12.3,10.4,11.9,12.0,11.8,10.4,12.3,12.5,12.4,11.1,12.3,12.5,12.3,10.8,12.1,12.4,12.5,10.7,12.1,12.7,12.9,11.0,12.1,12.7,12.9,11.0,11.7,12.4,11.9,10.2,11.2,12.1,11.4,10.2,11.1,12.1,11.6,10.7,11.4,12.3,11.9,10.6,11.4,12.3,12.1,10.6,11.6,15.3,14.0,11.9,11.8,14.9,13.4,11.5,11.5,14.9,12.7,11.2,11.3,15.0,12.4,10.9,11.3,14.7,12.2,10.7,10.9,14.2,,,,,,,,,,,,,,,,,,,,,,,,,,,,,,,,,,,,,,,,,,,,,,,,,,
"Furnishings, household equipment 
   and routine household maintenance",5.2,4.9,5.2,5.1,5.3,5.3,5.3,5.0,5.2,5.2,5.0,4.9,4.8,5.0,4.7,4.9,4.7,5.1,4.7,4.7,4.4,4.8,4.3,4.5,4.3,4.7,4.2,4.6,4.3,4.6,3.8,4.1,4.0,4.1,3.5,3.6,3.8,4.1,3.4,3.6,3.7,3.9,3.3,3.5,3.6,3.9,3.2,3.5,3.4,3.8,3.3,3.3,3.4,3.4,3.3,3.2,3.5,3.4,3.2,3.1,3.4,3.3,3.1,3.1,3.4,3.1,2.9,2.8,3.3,3.0,3.1,2.9,3.2,3.0,3.1,2.9,3.2,3.0,3.1,2.9,2.9,2.6,3.1,3.0,2.8,2.7,3.1,2.7,2.8,2.6,3.0,2.7,2.5,2.5,2.8,2.6,2.5,2.4,2.7,2.6,2.4,2.3,,,,,,,,,,,,,,,,,,,,,,,,,,,,,,,,,,,,,,,,,,,,,,,,,,
Health,2.9,2.8,3.2,2.8,3.1,2.9,3.3,2.9,3.2,2.9,3.4,3.0,3.3,3.1,3.5,3.0,3.3,3.1,3.5,3.0,3.2,3.2,3.6,3.1,3.2,3.1,3.6,3.2,3.3,3.1,3.5,3.1,3.4,3.1,3.4,2.9,3.3,3.3,3.4,3.1,3.4,3.2,3.9,3.1,3.4,3.1,3.9,3.1,3.6,3.4,4.2,3.1,3.5,3.5,4.4,3.3,3.5,3.6,4.6,3.4,3.7,3.7,4.7,3.5,3.8,3.8,4.8,3.6,3.9,3.9,4.9,3.7,3.9,3.7,4.8,3.7,3.9,3.7,4.9,3.8,4.2,3.8,5.3,3.9,4.7,4.1,5.7,4.3,4.3,3.6,5.3,4.0,4.2,3.6,5.3,4.1,4.3,3.8,5.6,4.3,4.5,4.0,,,,,,,,,,,,,,,,,,,,,,,,,,,,,,,,,,,,,,,,,,,,,,,,,,
Transport,9.1,9.4,8.6,9.3,10.0,10.7,9.6,9.3,10.1,10.5,9.3,9.1,9.6,9.9,9.0,8.8,9.2,11.5,9.7,9.2,10.1,12.4,10.6,10.3,11.2,12.2,11.1,10.2,11.3,12.0,10.8,9.9,11.1,11.5,10.2,9.6,11.3,11.5,10.9,9.8,11.1,11.8,11.2,9.6,11.2,11.1,11.0,9.2,11.2,10.6,11.3,9.0,11.3,10.5,10.8,8.9,11.7,11.0,11.0,9.0,12.5,11.4,11.4,9.0,12.5,11.6,11.8,9.3,12.5,11.7,11.5,9.0,12.3,11.4,11.3,8.7,12.1,11.1,11.2,8.5,11.1,4.9,8.3,6.6,8.9,6.1,9.3,7.3,9.9,7.7,11.2,7.7,10.7,8.9,11.6,7.9,10.7,9.4,11.4,8.1,10.8,9.6,,,,,,,,,,,,,,,,,,,,,,,,,,,,,,,,,,,,,,,,,,,,,,,,,,
Communication,2.4,2.5,2.7,2.8,2.9,3.0,2.9,3.2,3.3,3.3,3.1,3.5,3.5,3.6,3.3,3.9,3.8,4.0,3.6,4.0,4.0,4.1,3.6,4.1,4.0,3.9,3.5,4.0,4.2,4.2,3.6,4.2,4.0,3.8,3.2,3.9,4.0,3.7,3.2,3.7,3.8,3.6,3.0,3.4,3.5,3.3,2.8,3.1,3.5,3.4,2.8,3.1,3.5,3.4,2.8,3.0,3.5,3.2,2.6,2.9,3.4,3.1,2.7,3.1,3.3,3.0,2.5,2.9,3.1,2.8,2.4,2.8,3.0,2.7,2.3,2.6,3.0,2.7,2.2,2.6,3.1,3.3,2.6,2.9,3.3,3.4,2.5,2.8,3.1,3.3,2.3,2.6,2.9,3.1,2.2,2.5,2.8,3.1,2.2,2.4,2.8,3.0,,,,,,,,,,,,,,,,,,,,,,,,,,,,,,,,,,,,,,,,,,,,,,,,,,
Recreation and culture,2.7,2.7,2.8,2.6,2.6,2.6,2.8,2.5,2.5,2.5,2.7,2.5,2.5,2.6,2.7,2.6,2.6,2.6,2.7,2.5,2.5,2.5,2.5,2.4,2.5,2.3,2.4,2.5,2.5,2.5,2.6,2.6,2.6,2.5,2.3,2.4,2.4,2.4,2.4,2.5,2.4,2.4,2.3,2.7,2.1,2.2,2.3,2.7,2.3,2.2,2.2,2.7,2.3,2.3,2.2,2.6,2.4,2.1,2.1,2.7,2.5,2.3,2.0,2.7,2.5,2.5,2.0,2.6,2.4,2.3,1.9,2.6,2.3,2.2,1.8,2.5,2.3,2.2,1.8,2.5,2.1,0.9,0.9,1.3,1.4,0.9,1.0,1.7,1.5,1.1,1.3,1.7,1.7,1.2,1.4,1.8,1.8,1.4,1.4,1.9,1.9,1.4,,,,,,,,,,,,,,,,,,,,,,,,,,,,,,,,,,,,,,,,,,,,,,,,,,
Education,4.3,4.5,4.1,4.1,4.4,4.6,4.3,4.3,4.5,4.7,4.5,4.5,4.5,4.7,4.6,4.6,4.6,4.8,4.7,4.6,4.4,4.7,4.6,4.7,4.5,4.6,4.7,4.7,4.5,4.6,4.9,4.9,4.8,4.8,5.0,4.9,4.9,4.9,5.1,5.1,4.9,4.8,5.2,5.0,4.9,4.7,5.2,5.0,4.7,4.7,5.1,4.8,4.8,4.7,5.2,4.8,4.8,4.7,5.5,5.0,5.1,4.8,5.5,4.9,5.1,4.9,5.5,4.9,5.2,4.9,5.8,4.9,5.1,4.9,6.0,5.0,5.0,5.0,6.0,5.1,5.2,5.1,5.5,4.6,5.4,5.1,5.6,4.6,5.3,4.8,5.3,4.5,5.1,4.8,5.3,4.6,5.2,4.6,5.3,4.7,5.3,4.9,,,,,,,,,,,,,,,,,,,,,,,,,,,,,,,,,,,,,,,,,,,,,,,,,,
Restaurants and hotels,9.3,8.4,9.0,8.6,9.0,8.3,8.9,8.5,9.1,8.2,8.9,8.8,8.7,7.6,8.7,8.8,8.8,7.8,8.7,8.6,8.6,7.4,8.3,8.5,8.9,7.3,8.4,8.5,9.1,7.6,8.8,8.5,9.0,7.5,8.6,8.6,9.1,7.4,8.7,8.4,8.9,7.6,8.9,8.6,8.9,7.5,9.0,8.7,9.1,7.6,8.9,8.6,9.4,7.8,8.9,8.6,9.5,8.0,9.1,8.1,9.7,8.1,9.6,8.5,10.0,8.3,9.5,8.7,10.1,8.6,9.9,9.2,10.3,8.5,9.8,9.3,10.4,8.5,10.0,9.6,8.9,3.4,5.3,5.8,7.5,3.9,5.6,6.6,8.2,4.7,7.0,7.7,9.6,5.6,7.8,8.5,10.5,6.1,8.3,8.7,10.5,6.2,,,,,,,,,,,,,,,,,,,,,,,,,,,,,,,,,,,,,,,,,,,,,,,,,,
Miscellaneous goods and services,11.4,12.3,12.3,12.8,12.0,10.2,11.4,13.8,12.1,11.0,12.9,12.5,13.4,12.1,12.1,13.4,14.1,9.6,12.7,14.3,13.8,10.4,12.2,13.1,12.9,11.8,12.3,12.7,12.1,11.0,11.5,13.0,12.5,11.6,12.3,13.2,12.1,11.7,11.1,12.4,12.4,11.5,11.4,11.9,12.7,12.0,11.5,12.4,12.8,12.2,11.6,13.5,13.0,12.4,11.3,13.1,12.8,12.3,11.0,13.0,12.5,12.2,11.5,13.3,12.8,12.3,11.6,13.6,12.9,12.3,11.6,13.7,12.8,12.4,11.8,13.6,12.9,12.5,12.3,14.1,13.9,14.6,13.8,14.9,14.4,13.9,13.4,14.5,14.1,13.4,13.2,14.1,14.1,13.4,13.3,14.6,14.2,13.7,13.5,15.0,14.2,13.6,,,,,,,,,,,,,,,,,,,,,,,,,,,,,,,,,,,,,,,,,,,,,,,,,,
,,,,,,,,,,,,,,,,,,,,,,,,,,,,,,,,,,,,,,,,,,,,,,,,,,,,,,,,,,,,,,,,,,,,,,,,,,,,,,,,,,,,,,,,,,,,,,,,,,,,,,,,,,,,,,,,,,,,,,,,,,,,,,,,,,,,,,,,,,,,,,,,,,,,,,,,
Household Final Consumption Expenditure ,100.0,100.0,100.0,100.0,100.0,100.0,100.0,100.0,100.0,100.0,100.0,100.0,100.0,100.0,100.0,100.0,100.0,100.0,100.0,100.0,100.0,100.0,100.0,100.0,100.0,100.0,100.0,100.0,100.0,100.0,100.0,100.0,100.0,100.0,100.0,100.0,100.0,100.0,100.0,100.0,100.0,100.0,100.0,100.0,100.0,100.0,100.0,100.0,100.0,100.0,100.0,100.0,100.0,100.0,100.0,100.0,100.0,100.0,100.0,100.0,100.0,100.0,100.0,100.0,100.0,100.0,100.0,100.0,100.0,100.0,100.0,100.0,100.0,100.0,100.0,100.0,100.0,100.0,100.0,100.0,100.0,100.0,100.0,100.0,100.0,100.0,100.0,100.0,100.0,100.0,100.0,100.0,100.0,100.0,100.0,100.0,100.0,100.0,100.0,100.0,100.0,100.0,,,,,,,,,,,,,,,,,,,,,,,,,,,,,,,,,,,,,,,,,,,,,,,,,,
,,,,,,,,,,,,,,,,,,,,,,,,,,,,,,,,,,,,,,,,,,,,,,,,,,,,,,,,,,,,,,,,,,,,,,,,,,,,,,,,,,,,,,,,,,,,,,,,,,,,,,,,,,,,,,,,,,,,,,,,,,,,,,,,,,,,,,,,,,,,,,,,,,,,,,,,
Source: Philippine Statistics Authority,,,,,,,,,,,,,,,,,,,,,,,,,,,,,,,,,,,,,,,,,,,,,,,,,,,,,,,,,,,,,,,,,,,,,,,,,,,,,,,,,,,,,,,,,,,,,,,,,,,,,,,,,,,,,,,,,,,,,,,,,,,,,,,,,,,,,,,,,,,,,,,,,,,,,,,,
,,,,,,,,,,,,,,,,,,,,,,,,,,,,,,,,,,,,,,,,,,,,,,,,,,,,,,,,,,,,,,,,,,,,,,,,,,,,,,,,,,,,,,,,,,,,,,,,,,,,,,,,,,,,,,,,,,,,,,,,,,,,,,,,,,,,,,,,,,,,,,,,,,,,,,,,
,,,,,,,,,,,,,,,,,,,,,,,,,,,,,,,,,,,,,,,,,,,,,,,,,,,,,,,,,,,,,,,,,,,,,,,,,,,,,,,,,,,,,,,,,,,,,,,,,,,,,,,,,,,,,,,,,,,,,,,,,,,,,,,,,,,,,,,,,,,,,,,,,,,,,,,,
National Accounts of the Philippines,,,,,,,,,,,,,,,,,,,,,,,,,,,,,,,,,,,,,,,,,,,,,,,,,,,,,,,,,,,,,,,,,,,,,,,,,,,,,,,,,,,,,,,,,,,,,,,,,,,,,,,,,,,,,,,,,,,,,,,,,,,,,,,,,,,,,,,,,,,,,,,,,,,,,,,,
Unit: In Percent,,,,,,,,,,,,,,,,,,,,,,,,,,,,,,,,,,,,,,,,,,,,,,,,,,,,,,,,,,,,,,,,,,,,,,,,,,,,,,,,,,,,,,,,,,,,,,,,,,,,,,,,,,,,,,,,,,,,,,,,,,,,,,,,,,,,,,,,,,,,,,,,,,,,,,,,
As of August 2025,,,,,,,,,,,,,,,,,,,,,,,,,,,,,,,,,,,,,,,,,,,,,,,,,,,,,,,,,,,,,,,,,,,,,,,,,,,,,,,,,,,,,,,,,,,,,,,,,,,,,,,,,,,,,,,,,,,,,,,,,,,,,,,,,,,,,,,,,,,,,,,,,,,,,,,,
,,,,,,,,,,,,,,,,,,,,,,,,,,,,,,,,,,,,,,,,,,,,,,,,,,,,,,,,,,,,,,,,,,,,,,,,,,,,,,,,,,,,,,,,,,,,,,,,,,,,,,,,,,,,,,,,,,,,,,,,,,,,,,,,,,,,,,,,,,,,,,,,,,,,,,,,
"Table 5.7 Household Final Consumption Expenditure, by Purpose",,,,,,,,,,,,,,,,,,,,,,,,,,,,,,,,,,,,,,,,,,,,,,,,,,,,,,,,,,,,,,,,,,,,,,,,,,,,,,,,,,,,,,,,,,,,,,,,,,,,,,,,,,,,,,,,,,,,,,,,,,,,,,,,,,,,,,,,,,,,,,,,,,,,,,,,
Q1 2000 to Q2 2025,,,,,,,,,,,,,,,,,,,,,,,,,,,,,,,,,,,,,,,,,,,,,,,,,,,,,,,,,,,,,,,,,,,,,,,,,,,,,,,,,,,,,,,,,,,,,,,,,,,,,,,,,,,,,,,,,,,,,,,,,,,,,,,,,,,,,,,,,,,,,,,,,,,,,,,,
"Percent Share, at Constant 2018 Prices",,,,,,,,,,,,,,,,,,,,,,,,,,,,,,,,,,,,,,,,,,,,,,,,,,,,,,,,,,,,,,,,,,,,,,,,,,,,,,,,,,,,,,,,,,,,,,,,,,,,,,,,,,,,,,,,,,,,,,,,,,,,,,,,,,,,,,,,,,,,,,,,,,,,,,,,
,,,,,,,,,,,,,,,,,,,,,,,,,,,,,,,,,,,,,,,,,,,,,,,,,,,,,,,,,,,,,,,,,,,,,,,,,,,,,,,,,,,,,,,,,,,,,,,,,,,,,,,,,,,,,,,,,,,,,,,,,,,,,,,,,,,,,,,,,,,,,,,,,,,,,,,,
,2000,,,,2001,,,,2002,,,,2003,,,,2004,,,,2005,,,,2006,,,,2007,,,,2008,,,,2009,,,,2010,,,,2011,,,,2012,,,,2013,,,,2014,,,,2015,,,,2016,,,,2017,,,,2018,,,,2019,,,,2020,,,,2021,,,,2022,,,,2023,,,,2024,,,,2025,,,,,,,,,,,,,,,,,,,,,,,,,,,,,,,,,,,,,,,,,,,,,,,,,,,
Purpose,Q1,Q2,Q3,Q4,Q1,Q2,Q3,Q4,Q1,Q2,Q3,Q4,Q1,Q2,Q3,Q4,Q1,Q2,Q3,Q4,Q1,Q2,Q3,Q4,Q1,Q2,Q3,Q4,Q1,Q2,Q3,Q4,Q1,Q2,Q3,Q4,Q1,Q2,Q3,Q4,Q1,Q2,Q3,Q4,Q1,Q2,Q3,Q4,Q1,Q2,Q3,Q4,Q1,Q2,Q3,Q4,Q1,Q2,Q3,Q4,Q1,Q2,Q3,Q4,Q1,Q2,Q3,Q4,Q1,Q2,Q3,Q4,Q1,Q2,Q3,Q4,Q1,Q2,Q3,Q4,Q1,Q2,Q3,Q4,Q1,Q2,Q3,Q4,Q1,Q2,Q3,Q4,Q1,Q2,Q3,Q4,Q1,Q2,Q3,Q4,Q1,Q2,,,,,,,,,,,,,,,,,,,,,,,,,,,,,,,,,,,,,,,,,,,,,,,,,,
,,,,,,,,,,,,,,,,,,,,,,,,,,,,,,,,,,,,,,,,,,,,,,,,,,,,,,,,,,,,,,,,,,,,,,,,,,,,,,,,,,,,,,,,,,,,,,,,,,,,,,,,,,,,,,,,,,,,,,,,,,,,,,,,,,,,,,,,,,,,,,,,,,,,,,,,
Food and non-alcoholic beverages,34.2,33.6,34.3,36.6,33.8,34.0,34.2,35.7,33.5,33.7,33.6,36.2,33.4,34.3,34.4,36.6,33.6,34.5,34.5,36.5,34.3,34.8,35.2,36.8,34.4,34.9,35.2,37.1,33.9,34.7,34.5,37.2,33.8,34.6,34.8,37.5,33.2,34.8,35.3,37.9,33.2,34.7,34.8,38.0,33.5,35.0,35.7,37.2,33.7,35.4,34.9,36.9,33.9,35.3,35.0,36.7,33.3,34.6,34.4,36.8,32.8,34.6,34.0,36.7,32.6,34.5,34.3,36.5,32.5,34.5,34.0,36.2,32.3,34.7,33.2,36.0,32.2,34.7,32.7,35.6,33.7,42.9,37.8,40.5,36.2,41.1,36.3,39.6,36.2,40.0,35.0,38.5,34.3,38.0,33.4,36.8,32.9,36.5,32.8,35.7,32.7,36.6,,,,,,,,,,,,,,,,,,,,,,,,,,,,,,,,,,,,,,,,,,,,,,,,,,
"Alcoholic beverages, tobacco",3.4,3.7,3.9,3.5,3.4,3.7,3.8,3.4,3.4,3.6,3.7,3.4,3.3,3.5,3.7,3.3,3.2,3.5,3.6,3.3,3.2,3.4,3.4,3.1,3.2,3.4,3.5,3.0,3.1,3.2,3.5,3.0,2.9,3.3,3.5,3.3,2.8,3.3,3.6,3.4,2.8,3.3,3.3,3.2,2.7,3.2,3.0,3.3,2.6,3.1,3.0,3.3,2.4,2.8,2.8,3.3,2.4,3.0,2.9,3.4,2.6,2.9,2.9,3.3,2.6,2.8,2.9,3.2,2.4,2.7,2.5,2.9,2.2,2.5,2.2,2.5,2.0,2.3,2.1,2.3,1.6,1.6,1.8,2.0,1.5,1.5,1.5,1.7,1.5,1.4,1.3,1.6,1.4,1.2,1.2,1.6,1.3,1.2,1.2,1.6,1.3,1.2,,,,,,,,,,,,,,,,,,,,,,,,,,,,,,,,,,,,,,,,,,,,,,,,,,
Clothing and footwear,3.1,3.4,3.5,3.3,3.1,3.4,3.5,3.2,3.1,3.4,3.4,3.2,3.0,3.3,3.3,3.1,2.9,3.3,3.2,3.0,2.9,3.1,3.0,3.0,2.7,3.0,2.8,2.9,2.7,2.9,2.8,2.8,2.7,2.9,2.8,2.8,2.7,3.0,2.8,2.6,2.6,3.0,2.8,2.7,2.7,2.9,2.7,2.6,2.5,2.8,2.6,2.5,2.5,2.6,2.6,2.5,2.6,2.5,2.5,2.5,2.1,2.2,2.4,2.4,1.9,2.0,2.1,2.3,1.9,1.9,2.0,2.1,1.8,1.8,1.9,2.0,1.8,1.8,1.8,2.0,1.8,1.3,1.7,1.8,1.6,1.7,2.1,1.9,1.6,1.7,1.9,1.9,1.4,1.1,1.6,1.8,1.4,1.0,1.6,1.8,1.4,1.0,,,,,,,,,,,,,,,,,,,,,,,,,,,,,,,,,,,,,,,,,,,,,,,,,,
"Housing, water, electricity, gas and other fuels",12.7,13.2,13.0,10.9,12.8,13.5,12.9,10.8,12.0,12.9,12.3,10.5,12.1,13.1,12.4,10.4,11.8,12.8,12.0,10.1,11.8,13.2,12.7,10.5,11.9,13.0,12.3,10.5,12.1,13.1,12.7,10.3,12.1,13.1,12.6,10.4,12.6,12.5,12.1,10.1,12.6,12.4,12.0,10.2,12.3,12.3,11.2,10.2,12.0,11.9,11.5,10.1,11.4,12.3,12.0,10.4,11.3,12.2,12.1,10.4,11.2,12.2,11.4,9.9,11.6,12.1,11.1,9.9,11.5,12.1,11.3,10.3,11.9,12.4,11.6,10.3,11.9,12.4,11.8,10.3,12.2,15.7,13.9,11.8,12.8,15.6,13.4,11.3,12.3,15.4,12.6,11.0,11.9,15.5,12.5,10.9,12.3,15.6,12.3,10.8,11.9,14.9,,,,,,,,,,,,,,,,,,,,,,,,,,,,,,,,,,,,,,,,,,,,,,,,,,
"Furnishings, household equipment 
   and routine household maintenance",3.6,3.5,3.7,3.7,3.8,3.9,3.8,3.6,3.9,3.9,3.7,3.6,3.6,3.8,3.5,3.7,3.6,4.1,3.7,3.8,3.6,4.0,3.5,3.8,3.7,4.1,3.6,3.9,3.7,4.0,3.3,3.6,3.6,3.9,3.4,3.3,3.6,3.8,3.2,3.3,3.5,3.8,3.3,3.3,3.6,4.0,3.2,3.4,3.4,3.8,3.2,3.2,3.4,3.4,3.2,3.1,3.4,3.4,3.2,3.0,3.3,3.2,3.0,3.0,3.3,3.1,2.9,2.8,3.2,3.0,3.0,2.9,3.2,3.0,3.1,2.9,3.1,2.9,3.1,2.9,2.8,2.5,3.0,3.0,2.8,2.7,3.0,2.7,2.8,2.7,3.1,2.8,2.5,2.5,2.9,2.7,2.5,2.4,2.9,2.7,2.4,2.3,,,,,,,,,,,,,,,,,,,,,,,,,,,,,,,,,,,,,,,,,,,,,,,,,,
Health,3.3,3.1,3.5,3.1,3.4,3.2,3.5,3.1,3.5,3.2,3.5,3.1,3.4,3.2,3.5,3.0,3.4,3.2,3.5,3.1,3.4,3.4,3.6,3.2,3.4,3.3,3.6,3.2,3.4,3.2,3.6,3.1,3.5,3.2,3.5,2.9,3.4,3.3,3.6,3.0,3.5,3.2,4.0,3.0,3.6,3.3,4.0,3.1,3.8,3.5,4.2,3.1,3.7,3.6,4.2,3.2,3.7,3.7,4.5,3.3,3.7,3.8,4.6,3.4,3.8,3.8,4.7,3.5,3.9,3.9,4.8,3.6,3.9,3.7,4.8,3.6,3.9,3.7,4.8,3.6,4.2,3.8,5.2,3.8,4.7,4.2,5.6,4.1,4.4,3.7,5.5,4.1,4.4,3.9,5.5,4.1,4.5,4.0,5.8,4.4,4.7,4.2,,,,,,,,,,,,,,,,,,,,,,,,,,,,,,,,,,,,,,,,,,,,,,,,,,
Transport,11.7,12.1,11.2,10.9,11.5,12.2,11.1,10.9,11.8,12.2,11.0,10.8,11.3,12.0,10.8,10.4,10.9,12.5,10.6,10.0,11.0,11.8,10.3,9.8,10.5,11.3,10.1,9.8,10.8,11.5,10.2,9.8,11.0,11.6,9.6,9.5,11.1,11.5,9.8,9.3,10.9,11.7,10.3,9.4,11.1,11.2,9.9,9.0,11.0,10.6,10.4,8.9,11.1,10.8,10.1,9.0,11.6,11.4,10.4,9.2,12.6,12.0,10.9,9.2,12.5,12.3,11.4,9.7,12.7,12.4,11.1,9.3,12.3,11.8,10.7,8.8,12.2,11.6,10.8,8.8,11.3,5.4,7.7,6.6,8.5,6.1,8.4,7.0,9.0,7.0,9.3,7.1,9.7,8.6,10.1,7.5,9.9,9.2,10.2,8.0,10.2,9.7,,,,,,,,,,,,,,,,,,,,,,,,,,,,,,,,,,,,,,,,,,,,,,,,,,
Communication,1.2,1.3,1.4,1.5,1.5,1.6,1.6,1.8,1.8,1.8,1.7,2.0,2.0,2.1,2.0,2.4,2.3,2.5,2.3,2.6,2.6,2.7,2.4,2.9,2.8,2.7,2.4,2.9,3.0,3.0,2.5,3.0,3.0,3.0,2.6,3.1,3.2,2.9,2.6,2.9,3.1,2.9,2.5,2.8,3.0,2.9,2.4,2.7,3.0,3.0,2.5,2.8,3.1,3.0,2.5,2.8,3.0,2.9,2.5,2.7,3.0,2.8,2.6,2.9,2.9,2.8,2.4,2.8,2.8,2.6,2.4,2.8,2.9,2.7,2.3,2.7,2.9,2.7,2.4,2.8,3.1,3.4,2.8,3.1,3.4,3.6,2.8,3.1,3.3,3.7,2.8,3.1,3.3,3.6,2.7,3.1,3.3,3.7,2.7,3.1,3.3,3.7,,,,,,,,,,,,,,,,,,,,,,,,,,,,,,,,,,,,,,,,,,,,,,,,,,
Recreation and culture,2.0,2.0,2.2,2.0,2.0,2.0,2.2,1.9,2.0,2.0,2.2,2.0,2.0,2.1,2.2,2.0,2.1,2.2,2.2,2.0,2.2,2.1,2.2,2.0,2.2,2.0,2.2,2.1,2.2,2.2,2.3,2.2,2.3,2.3,2.2,2.1,2.2,2.2,2.2,2.2,2.2,2.2,2.1,2.4,2.0,2.1,2.1,2.5,2.2,2.1,2.2,2.5,2.2,2.2,2.1,2.5,2.3,2.1,2.0,2.5,2.4,2.3,2.0,2.6,2.4,2.4,1.9,2.5,2.3,2.2,1.9,2.4,2.2,2.2,1.8,2.4,2.3,2.3,1.9,2.4,2.1,0.9,1.0,1.3,1.5,0.9,1.1,1.7,1.6,1.2,1.5,1.9,1.9,1.4,1.6,1.9,2.0,1.5,1.6,2.0,2.0,1.5,,,,,,,,,,,,,,,,,,,,,,,,,,,,,,,,,,,,,,,,,,,,,,,,,,
Education,5.5,5.5,5.1,5.2,5.3,5.5,5.0,5.2,5.3,5.3,5.0,5.2,5.1,5.2,4.9,5.1,4.9,5.1,4.9,5.1,4.7,5.0,4.9,5.2,4.9,5.0,5.0,5.2,4.8,4.8,5.0,5.1,4.9,5.1,5.2,5.3,5.0,5.0,5.3,5.3,5.1,4.9,5.3,5.2,5.0,4.9,5.3,5.3,4.8,4.8,5.1,5.0,4.9,4.7,5.1,4.9,5.0,4.7,5.2,5.0,4.9,4.5,5.1,4.8,4.7,4.5,5.1,4.8,4.9,4.5,5.4,4.8,4.9,4.6,6.1,5.4,5.2,5.0,6.0,5.3,5.2,5.0,5.5,4.9,5.6,5.2,5.9,5.0,5.7,5.2,5.8,5.1,5.7,5.2,5.8,5.2,5.7,5.0,5.7,5.3,5.8,5.2,,,,,,,,,,,,,,,,,,,,,,,,,,,,,,,,,,,,,,,,,,,,,,,,,,
Restaurants and hotels,8.1,7.3,8.0,7.7,8.2,7.4,7.9,7.6,8.3,7.4,8.0,7.9,8.0,7.0,7.8,7.9,8.1,7.3,8.0,8.0,8.1,7.1,7.8,8.0,8.2,7.0,7.6,8.2,8.8,7.4,8.3,8.1,8.7,7.3,8.1,8.1,8.9,7.4,8.3,8.0,8.8,7.6,8.6,8.2,8.8,7.8,8.8,8.4,9.0,7.8,8.7,8.4,9.2,7.9,8.7,8.4,9.3,8.2,8.9,8.1,9.5,8.3,9.4,8.5,9.7,8.4,9.3,8.6,9.8,8.8,9.6,9.1,10.2,8.8,9.7,9.2,10.2,8.8,9.8,9.4,8.7,3.6,5.1,5.8,7.5,4.0,5.4,6.5,8.2,5.0,7.0,7.6,9.5,5.8,7.7,8.4,10.2,6.1,8.0,8.4,10.3,6.2,,,,,,,,,,,,,,,,,,,,,,,,,,,,,,,,,,,,,,,,,,,,,,,,,,
Miscellaneous goods and services,11.0,11.2,10.3,11.8,11.2,9.5,10.4,12.9,11.6,10.9,12.1,12.2,12.9,10.6,11.7,12.2,13.1,9.0,11.4,12.4,12.2,9.3,11.0,11.8,12.2,10.2,11.7,11.2,11.3,9.9,11.3,11.7,11.3,9.7,11.7,11.6,11.3,10.2,11.1,11.9,11.8,10.2,11.1,11.7,11.9,10.5,11.7,12.4,11.9,11.1,11.6,13.3,12.2,11.4,11.6,13.2,12.1,11.3,11.4,13.1,11.7,11.2,11.8,13.4,11.8,11.2,11.9,13.6,12.0,11.4,12.0,13.7,12.2,11.8,12.6,14.0,12.3,11.9,13.0,14.5,13.3,13.9,14.6,15.4,13.9,13.4,14.5,15.3,13.7,13.2,14.5,15.2,14.0,13.2,15.0,16.0,14.1,13.5,15.2,16.4,14.0,13.4,,,,,,,,,,,,,,,,,,,,,,,,,,,,,,,,,,,,,,,,,,,,,,,,,,
,,,,,,,,,,,,,,,,,,,,,,,,,,,,,,,,,,,,,,,,,,,,,,,,,,,,,,,,,,,,,,,,,,,,,,,,,,,,,,,,,,,,,,,,,,,,,,,,,,,,,,,,,,,,,,,,,,,,,,,,,,,,,,,,,,,,,,,,,,,,,,,,,,,,,,,,
Household Final Consumption Expenditure ,100.0,100.0,100.0,100.0,100.0,100.0,100.0,100.0,100.0,100.0,100.0,100.0,100.0,100.0,100.0,100.0,100.0,100.0,100.0,100.0,100.0,100.0,100.0,100.0,100.0,100.0,100.0,100.0,100.0,100.0,100.0,100.0,100.0,100.0,100.0,100.0,100.0,100.0,100.0,100.0,100.0,100.0,100.0,100.0,100.0,100.0,100.0,100.0,100.0,100.0,100.0,100.0,100.0,100.0,100.0,100.0,100.0,100.0,100.0,100.0,100.0,100.0,100.0,100.0,100.0,100.0,100.0,100.0,100.0,100.0,100.0,100.0,100.0,100.0,100.0,100.0,100.0,100.0,100.0,100.0,100.0,100.0,100.0,100.0,100.0,100.0,100.0,100.0,100.0,100.0,100.0,100.0,100.0,100.0,100.0,100.0,100.0,100.0,100.0,100.0,100.0,100.0,,,,,,,,,,,,,,,,,,,,,,,,,,,,,,,,,,,,,,,,,,,,,,,,,,
,,,,,,,,,,,,,,,,,,,,,,,,,,,,,,,,,,,,,,,,,,,,,,,,,,,,,,,,,,,,,,,,,,,,,,,,,,,,,,,,,,,,,,,,,,,,,,,,,,,,,,,,,,,,,,,,,,,,,,,,,,,,,,,,,,,,,,,,,,,,,,,,,,,,,,,,
Source: Philippine Statistics Authority,,,,,,,,,,,,,,,,,,,,,,,,,,,,,,,,,,,,,,,,,,,,,,,,,,,,,,,,,,,,,,,,,,,,,,,,,,,,,,,,,,,,,,,,,,,,,,,,,,,,,,,,,,,,,,,,,,,,,,,,,,,,,,,,,,,,,,,,,,,,,,,,,,,,,,,,
,,,,,,,,,,,,,,,,,,,,,,,,,,,,,,,,,,,,,,,,,,,,,,,,,,,,,,,,,,,,,,,,,,,,,,,,,,,,,,,,,,,,,,,,,,,,,,,,,,,,,,,,,,,,,,,,,,,,,,,,,,,,,,,,,,,,,,,,,,,,,,,,,,,,,,,,
,,,,,,,,,,,,,,,,,,,,,,,,,,,,,,,,,,,,,,,,,,,,,,,,,,,,,,,,,,,,,,,,,,,,,,,,,,,,,,,,,,,,,,,,,,,,,,,,,,,,,,,,,,,,,,,,,,,,,,,,,,,,,,,,,,,,,,,,,,,,,,,,,,,,,,,,
,,,,,,,,,,,,,,,,,,,,,,,,,,,,,,,,,,,,,,,,,,,,,,,,,,,,,,,,,,,,,,,,,,,,,,,,,,,,,,,,,,,,,,,,,,,,,,,,,,,,,,,,,,,,,,,,,,,,,,,,,,,,,,,,,,,,,,,,,,,,,,,,,,,,,,,,
,2010,2011,2012,2013,2014,2015,2016,2017,2018,2019,2020,2021,2022,2023,2024,,,,,,,,,,,,,,,,,,,,,,,,,,,,,,,,,,,,,,,,,,,,,,,,,,,,,,,,,,,,,,,,,,,,,,,,,,,,,,,,,,,,,,,,,,,,,,,,,,,,,,,,,,,,,,,,,,,,,,,,,,,,,,,,,,,,,,,,,
,,,,,,,,,,,,,,,,,,,,,,,,,,,,,,,,,,,,,,,,,,,,,,,,,,,,,,,,,,,,,,,,,,,,,,,,,,,,,,,,,,,,,,,,,,,,,,,,,,,,,,,,,,,,,,,,,,,,,,,,,,,,,,,,,,,,,,,,,,,,,,,,,,,,,,,,
,"93,135,100","94,823,800","96,510,900","98,196,500","99,880,300","100,833,371","102,530,196","104,169,230","105,755,180","107,288,150","109,202,721","110,081,715","110,939,849","111,912,437","112,884,824",,,,,,,,,,,,,,,,,,,,,,,,,,,,,,,,,,,,,,,,,,,,,,,,,,,,,,,,,,,,,,,,,,,,,,,,,,,,,,,,,,,,,,,,,,,,,,,,,,,,,,,,,,,,,,,,,,,,,,,,,,,,,,,,,,,,,,,,,
